Time,Sales,Transactions
2019-03-01T09:30:000000Z,46.94,3
2019-03-01T09:45:000000Z,5.99,2
2019-03-01T10:00:000000Z,44.13,2
2019-03-01T10:15:000000Z,29.54,5
2019-03-01T10:30:000000Z,68.87,4
2019-03-01T10:45:000000Z,83.07,6
2019-03-01T11:00:000000Z,51.90,9
2019-03-01T11:15:000000Z,53.14,7
2019-03-01T11:30:000000Z,95.16,7
2019-03-01T11:45:000000Z,148.72,7
2019-03-01T12:00:000000Z,80.86,8
2019-03-01T12:15:000000Z,90.03,8
2019-03-01T12:30:000000Z,158.64,7
2019-03-01T12:45:000000Z,79.75,9
2019-03-01T13:00:000000Z,139.28,5
2019-03-01T13:15:000000Z,127.26,4
2019-03-01T13:30:000000Z,147.36,9
2019-03-01T13:45:000000Z,92.24,8
2019-03-01T14:00:000000Z,203.34,10
2019-03-01T14:15:000000Z,121.08,12
2019-03-01T14:30:000000Z,61.77,5
2019-03-01T14:45:000000Z,122.73,11
2019-03-01T15:00:000000Z,88.78,6
2019-03-01T15:15:000000Z,91.48,6
2019-03-01T15:30:000000Z,201.20,15
2019-03-01T15:45:000000Z,24.95,3
2019-03-01T16:00:000000Z,149.22,7
2019-03-01T16:15:000000Z,45.13,5
2019-03-01T16:30:000000Z,25.94,4
2019-03-01T16:45:000000Z,52.08,8
2019-03-01T17:00:000000Z,107.28,9
2019-03-01T17:15:000000Z,42.35,3
2019-03-01T17:30:000000Z,101.22,6
2019-03-01T17:45:000000Z,120.09,8
2019-03-01T18:00:000000Z,105.26,5
2019-03-01T18:15:000000Z,93.04,6
2019-03-01T18:30:000000Z,118.92,10
2019-03-01T18:45:000000Z,64.23,5
2019-03-01T19:00:000000Z,111.37,7
2019-03-01T19:15:000000Z,97.46,8
2019-03-01T19:30:000000Z,28.93,6
2019-03-01T19:45:000000Z,44.14,5
2019-03-01T20:00:000000Z,4.99,1
2019-03-01T20:15:000000Z,82.14,4
2019-03-01T20:30:000000Z,24.16,1
2019-03-01T20:45:000000Z,32.13,3
2019-03-01T21:00:000000Z,43.94,1
2019-03-01T21:15:000000Z,9.49,1
2019-03-01T21:30:000000Z,35.15,1
2019-03-01T21:45:000000Z,16.18,1
2019-03-01T22:00:000000Z,10.98,1
2019-03-01T22:15:000000Z,28.97,1
2019-03-01T22:30:000000Z,3.98,1
2019-03-01T22:45:000000Z,9.99,1
2019-03-01T23:00:000000Z,3.99,1
2019-03-01T23:15:000000Z,14.99,1
2019-03-01T23:30:000000Z,9.99,1
2019-03-01T23:45:000000Z,13.19,1
2019-03-02T00:00:000000Z,14.97,1
2019-03-02T00:15:000000Z,3.99,1
2019-03-02T00:30:000000Z,15.17,1
2019-03-02T00:45:000000Z,21.97,1
2019-03-02T01:00:000000Z,5.98,1
2019-03-02T01:15:000000Z,6.99,1
2019-03-02T01:30:000000Z,24.18,1
2019-03-02T01:45:000000Z,18.98,1
2019-03-02T02:00:000000Z,32.16,1
2019-03-02T02:15:000000Z,4.99,1
2019-03-02T02:30:000000Z,7.99,1
2019-03-02T02:45:000000Z,12.98,1
2019-03-02T03:00:000000Z,6.99,1
2019-03-02T03:15:000000Z,14.99,1
2019-03-02T03:30:000000Z,28.17,1
2019-03-02T03:45:000000Z,19.98,1
2019-03-02T04:00:000000Z,24.15,1
2019-03-02T04:15:000000Z,7.99,1
2019-03-02T04:30:000000Z,2.99,1
2019-03-02T04:45:000000Z,8.99,1
2019-03-02T05:00:000000Z,10.00,1
2019-03-02T05:15:000000Z,12.98,1
2019-03-02T05:30:000000Z,17.96,1
2019-03-02T05:45:000000Z,39.16,1
2019-03-02T06:00:000000Z,12.98,1
2019-03-02T06:15:000000Z,13.97,1
2019-03-02T06:30:000000Z,9.99,1
2019-03-02T06:45:000000Z,6.99,1
2019-03-02T07:00:000000Z,10.49,1
2019-03-02T07:15:000000Z,21.97,1
2019-03-02T07:30:000000Z,12.99,1
2019-03-02T07:45:000000Z,3.99,1
2019-03-02T08:00:000000Z,28.96,1
2019-03-02T08:15:000000Z,137.03,1
2019-03-02T08:30:000000Z,30.95,1
2019-03-02T08:45:000000Z,78.89,1
2019-03-02T09:00:000000Z,107.89,1
2019-03-02T09:15:000000Z,8.19,1
2019-03-02T09:30:000000Z,8.99,1
2019-03-02T09:45:000000Z,51.99,1
2019-03-02T10:00:000000Z,28.18,1
2019-03-02T10:15:000000Z,3.99,1
2019-03-02T10:30:000000Z,9.99,1
2019-03-02T10:45:000000Z,9.98,1
2019-03-02T11:00:000000Z,13.98,1
2019-03-02T11:15:000000Z,4.99,1
2019-03-02T11:30:000000Z,12.99,1
2019-03-02T11:45:000000Z,42.96,4
2019-03-02T12:00:000000Z,187.29,15
2019-03-02T12:15:000000Z,301.97,18
2019-03-02T12:30:000000Z,123.41,7
2019-03-02T12:45:000000Z,332.14,11
2019-03-02T13:00:000000Z,140.19,10
2019-03-02T13:15:000000Z,158.07,9
2019-03-02T13:30:000000Z,260.12,14
2019-03-02T13:45:000000Z,183.62,19
2019-03-02T14:00:000000Z,259.05,24
2019-03-02T14:15:000000Z,205.46,14
2019-03-02T14:30:000000Z,172.50,14
2019-03-02T14:45:000000Z,398.06,30
2019-03-02T15:00:000000Z,568.69,25
2019-03-02T15:15:000000Z,213.30,17
2019-03-02T15:30:000000Z,173.87,15
2019-03-02T15:45:000000Z,281.94,14
2019-03-02T16:00:000000Z,294.87,13
2019-03-02T16:15:000000Z,161.15,13
2019-03-02T16:30:000000Z,241.00,15
2019-03-02T16:45:000000Z,203.07,15
2019-03-02T17:00:000000Z,662.49,14
2019-03-02T17:15:000000Z,151.00,11
2019-03-02T17:30:000000Z,274.63,15
2019-03-02T17:45:000000Z,81.18,7
2019-03-02T18:00:000000Z,244.08,13
2019-03-02T18:15:000000Z,110.36,12
2019-03-02T18:30:000000Z,257.56,9
2019-03-02T18:45:000000Z,139.20,11
2019-03-02T19:00:000000Z,108.45,8
2019-03-02T19:15:000000Z,19.96,3
2019-03-02T19:30:000000Z,66.11,4
2019-03-02T19:45:000000Z,128.97,7
2019-03-02T20:00:000000Z,77.87,7
2019-03-02T20:15:000000Z,48.92,3
2019-03-02T20:30:000000Z,9.98,1
2019-03-02T20:45:000000Z,67.94,3
2019-03-02T21:00:000000Z,4.99,1
2019-03-02T21:15:000000Z,1.00,1
2019-03-02T21:30:000000Z,12.99,1
2019-03-02T21:45:000000Z,20.98,1
2019-03-02T22:00:000000Z,29.99,1
2019-03-02T22:15:000000Z,7.99,1
2019-03-02T22:30:000000Z,19.99,1
2019-03-02T22:45:000000Z,16.17,1
2019-03-02T23:00:000000Z,14.17,1
2019-03-02T23:15:000000Z,40.14,1
2019-03-02T23:30:000000Z,33.95,1
2019-03-02T23:45:000000Z,20.17,1
2019-03-03T00:00:000000Z,4.99,1
2019-03-03T00:15:000000Z,2.00,1
2019-03-03T00:30:000000Z,8.98,1
2019-03-03T00:45:000000Z,29.99,1
2019-03-03T01:00:000000Z,24.93,1
2019-03-03T01:15:000000Z,8.99,1
2019-03-03T01:30:000000Z,14.98,1
2019-03-03T01:45:000000Z,17.18,1
2019-03-03T02:00:000000Z,20.96,1
2019-03-03T02:15:000000Z,7.97,1
2019-03-03T02:30:000000Z,17.97,1
2019-03-03T02:45:000000Z,15.17,1
2019-03-03T03:00:000000Z,13.17,1
2019-03-03T03:15:000000Z,7.99,1
2019-03-03T03:30:000000Z,6.99,1
2019-03-03T03:45:000000Z,8.98,1
2019-03-03T04:00:000000Z,6.99,1
2019-03-03T04:15:000000Z,7.99,1
2019-03-03T04:30:000000Z,41.14,1
2019-03-03T04:45:000000Z,19.98,1
2019-03-03T05:00:000000Z,11.98,1
2019-03-03T05:15:000000Z,8.98,1
2019-03-03T05:30:000000Z,14.96,1
2019-03-03T05:45:000000Z,14.99,1
2019-03-03T06:00:000000Z,19.98,1
2019-03-03T06:15:000000Z,4.99,1
2019-03-03T06:30:000000Z,8.98,1
2019-03-03T06:45:000000Z,7.99,1
2019-03-03T07:00:000000Z,3.99,1
2019-03-03T07:15:000000Z,2.00,1
2019-03-03T07:30:000000Z,17.97,1
2019-03-03T07:45:000000Z,3.99,1
2019-03-03T08:00:000000Z,3.99,1
2019-03-03T08:15:000000Z,4.99,1
2019-03-03T08:30:000000Z,3.99,1
2019-03-03T08:45:000000Z,2.99,1
2019-03-03T09:00:000000Z,27.13,1
2019-03-03T09:15:000000Z,48.91,1
2019-03-03T09:30:000000Z,1.99,1
2019-03-03T09:45:000000Z,9.99,1
2019-03-03T10:00:000000Z,7.99,1
2019-03-03T10:15:000000Z,7.98,1
2019-03-03T10:30:000000Z,11.98,1
2019-03-03T10:45:000000Z,10.98,1
2019-03-03T11:00:000000Z,15.98,1
2019-03-03T11:15:000000Z,7.99,1
2019-03-03T11:30:000000Z,114.27,4
2019-03-03T11:45:000000Z,154.39,7
2019-03-03T12:00:000000Z,205.70,10
2019-03-03T12:15:000000Z,380.17,25
2019-03-03T12:30:000000Z,288.14,16
2019-03-03T12:45:000000Z,282.39,22
2019-03-03T13:00:000000Z,191.92,14
2019-03-03T13:15:000000Z,259.06,12
2019-03-03T13:30:000000Z,247.72,21
2019-03-03T13:45:000000Z,185.23,15
2019-03-03T14:00:000000Z,328.75,22
2019-03-03T14:15:000000Z,147.26,16
2019-03-03T14:30:000000Z,219.57,18
2019-03-03T14:45:000000Z,245.53,15
2019-03-03T15:00:000000Z,191.26,16
2019-03-03T15:15:000000Z,208.37,17
2019-03-03T15:30:000000Z,315.61,21
2019-03-03T15:45:000000Z,333.70,21
2019-03-03T16:00:000000Z,204.05,12
2019-03-03T16:15:000000Z,155.09,13
2019-03-03T16:30:000000Z,132.67,10
2019-03-03T16:45:000000Z,229.67,13
2019-03-03T17:00:000000Z,147.98,8
2019-03-03T17:15:000000Z,190.73,15
2019-03-03T17:30:000000Z,140.34,11
2019-03-03T17:45:000000Z,130.86,14
2019-03-03T18:00:000000Z,114.22,12
2019-03-03T18:15:000000Z,177.10,14
2019-03-03T18:30:000000Z,148.73,9
2019-03-03T18:45:000000Z,37.94,3
2019-03-03T19:00:000000Z,7.98,1
2019-03-03T19:15:000000Z,14.98,1
2019-03-03T19:30:000000Z,16.98,1
2019-03-03T19:45:000000Z,6.99,1
2019-03-03T20:00:000000Z,9.96,1
2019-03-03T20:15:000000Z,9.99,1
2019-03-03T20:30:000000Z,19.98,1
2019-03-03T20:45:000000Z,1.99,1
2019-03-03T21:00:000000Z,3.99,1
2019-03-03T21:15:000000Z,4.99,1
2019-03-03T21:30:000000Z,14.99,1
2019-03-03T21:45:000000Z,1.99,1
2019-03-03T22:00:000000Z,15.98,1
2019-03-03T22:15:000000Z,7.08,1
2019-03-03T22:30:000000Z,146.96,1
2019-03-03T22:45:000000Z,5.97,1
2019-03-03T23:00:000000Z,3.98,1
2019-03-03T23:15:000000Z,10.18,1
2019-03-03T23:30:000000Z,12.97,1
2019-03-03T23:45:000000Z,35.17,1
2019-03-04T00:00:000000Z,18.96,1
2019-03-04T00:15:000000Z,4.99,1
2019-03-04T00:30:000000Z,7.98,1
2019-03-04T00:45:000000Z,10.19,1
2019-03-04T01:00:000000Z,20.18,1
2019-03-04T01:15:000000Z,59.94,1
2019-03-04T01:30:000000Z,5.98,1
2019-03-04T01:45:000000Z,4.99,1
2019-03-04T02:00:000000Z,4.99,1
2019-03-04T02:15:000000Z,11.98,1
2019-03-04T02:30:000000Z,15.98,1
2019-03-04T02:45:000000Z,7.00,1
2019-03-04T03:00:000000Z,47.89,1
2019-03-04T03:15:000000Z,12.98,1
2019-03-04T03:30:000000Z,11.98,1
2019-03-04T03:45:000000Z,29.94,1
2019-03-04T04:00:000000Z,9.99,1
2019-03-04T04:15:000000Z,2.99,1
2019-03-04T04:30:000000Z,4.99,1
2019-03-04T04:45:000000Z,34.17,1
2019-03-04T05:00:000000Z,9.98,1
2019-03-04T05:15:000000Z,12.97,1
2019-03-04T05:30:000000Z,18.99,1
2019-03-04T05:45:000000Z,5.99,1
2019-03-04T06:00:000000Z,24.97,1
2019-03-04T06:15:000000Z,12.98,1
2019-03-04T06:30:000000Z,58.06,1
2019-03-04T06:45:000000Z,3.00,1
2019-03-04T07:00:000000Z,15.17,1
2019-03-04T07:15:000000Z,2.99,1
2019-03-04T07:30:000000Z,15.95,1
2019-03-04T07:45:000000Z,12.99,1
2019-03-04T08:00:000000Z,14.97,1
2019-03-04T08:15:000000Z,27.16,1
2019-03-04T08:30:000000Z,2.99,1
2019-03-04T08:45:000000Z,8.97,1
2019-03-04T09:00:000000Z,4.99,1
2019-03-04T09:15:000000Z,10.97,1
2019-03-04T09:30:000000Z,15.98,1
2019-03-04T09:45:000000Z,7.99,1
2019-03-04T10:00:000000Z,11.69,1
2019-03-04T10:15:000000Z,7.98,1
2019-03-04T10:30:000000Z,7.99,1
2019-03-04T10:45:000000Z,19.96,1
2019-03-04T11:00:000000Z,7.99,1
2019-03-04T11:15:000000Z,3.99,1
2019-03-04T11:30:000000Z,19.97,1
2019-03-04T11:45:000000Z,1.99,1
2019-03-04T12:00:000000Z,23.18,1
2019-03-04T12:15:000000Z,5.99,1
2019-03-04T12:30:000000Z,31.97,1
2019-03-04T12:45:000000Z,39.99,1
2019-03-04T13:00:000000Z,235.82,13
2019-03-04T13:15:000000Z,135.83,12
2019-03-04T13:30:000000Z,62.31,5
2019-03-04T13:45:000000Z,48.01,7
2019-03-04T14:00:000000Z,141.46,10
2019-03-04T14:15:000000Z,159.43,15
2019-03-04T14:30:000000Z,127.94,8
2019-03-04T14:45:000000Z,114.85,7
2019-03-04T15:00:000000Z,125.57,10
2019-03-04T15:15:000000Z,127.61,11
2019-03-04T15:30:000000Z,70.07,7
2019-03-04T15:45:000000Z,83.08,6
2019-03-04T16:00:000000Z,159.94,7
2019-03-04T16:15:000000Z,84.88,7
2019-03-04T16:30:000000Z,95.86,8
2019-03-04T16:45:000000Z,157.44,8
2019-03-04T17:00:000000Z,81.86,8
2019-03-04T17:15:000000Z,37.94,4
2019-03-04T17:30:000000Z,119.38,8
2019-03-04T17:45:000000Z,113.07,7
2019-03-04T18:00:000000Z,104.00,8
2019-03-04T18:15:000000Z,187.44,14
2019-03-04T18:30:000000Z,127.15,7
2019-03-04T18:45:000000Z,38.12,3
2019-03-04T19:00:000000Z,13.97,1
2019-03-04T19:15:000000Z,6.99,1
2019-03-04T19:30:000000Z,1.99,1
2019-03-04T19:45:000000Z,7.99,1
2019-03-04T20:00:000000Z,5.98,1
2019-03-04T20:15:000000Z,2.00,1
2019-03-04T20:30:000000Z,9.99,1
2019-03-04T20:45:000000Z,48.89,1
2019-03-04T21:00:000000Z,14.97,1
2019-03-04T21:15:000000Z,7.99,1
2019-03-04T21:30:000000Z,4.99,1
2019-03-04T21:45:000000Z,4.99,1
2019-03-04T22:00:000000Z,19.98,1
2019-03-04T22:15:000000Z,4.99,1
2019-03-04T22:30:000000Z,-9.98,1
2019-03-04T22:45:000000Z,-9.98,1
2019-03-04T23:00:000000Z,9.99,1
2019-03-04T23:15:000000Z,20.98,1
2019-03-04T23:30:000000Z,173.70,1
2019-03-04T23:45:000000Z,85.84,1
2019-03-05T00:00:000000Z,23.98,1
2019-03-05T00:15:000000Z,5.99,1
2019-03-05T00:30:000000Z,7.98,1
2019-03-05T00:45:000000Z,7.98,1
2019-03-05T01:00:000000Z,6.00,1
2019-03-05T01:15:000000Z,15.96,1
2019-03-05T01:30:000000Z,2.99,1
2019-03-05T01:45:000000Z,7.98,1
2019-03-05T02:00:000000Z,9.99,1
2019-03-05T02:15:000000Z,33.96,1
2019-03-05T02:30:000000Z,12.98,1
2019-03-05T02:45:000000Z,4.99,1
2019-03-05T03:00:000000Z,28.89,1
2019-03-05T03:15:000000Z,44.39,1
2019-03-05T03:30:000000Z,7.98,1
2019-03-05T03:45:000000Z,3.99,1
2019-03-05T04:00:000000Z,29.99,1
2019-03-05T04:15:000000Z,9.99,1
2019-03-05T04:30:000000Z,43.98,1
2019-03-05T04:45:000000Z,11.98,1
2019-03-05T05:00:000000Z,9.99,1
2019-03-05T05:15:000000Z,39.98,1
2019-03-05T05:30:000000Z,7.98,1
2019-03-05T05:45:000000Z,6.98,1
2019-03-05T06:00:000000Z,34.96,1
2019-03-05T06:15:000000Z,2.99,1
2019-03-05T06:30:000000Z,7.99,1
2019-03-05T06:45:000000Z,13.17,1
2019-03-05T07:00:000000Z,13.98,1
2019-03-05T07:15:000000Z,9.99,1
2019-03-05T07:30:000000Z,8.98,1
2019-03-05T07:45:000000Z,15.97,1
2019-03-05T08:00:000000Z,4.99,1
2019-03-05T08:15:000000Z,14.98,1
2019-03-05T08:30:000000Z,9.98,1
2019-03-05T08:45:000000Z,7.98,1
2019-03-05T09:00:000000Z,3.99,1
2019-03-05T09:15:000000Z,45.93,1
2019-03-05T09:30:000000Z,11.98,1
2019-03-05T09:45:000000Z,7.99,1
2019-03-05T10:00:000000Z,7.97,1
2019-03-05T10:15:000000Z,53.95,1
2019-03-05T10:30:000000Z,2.99,1
2019-03-05T10:45:000000Z,24.98,1
2019-03-05T11:00:000000Z,7.99,1
2019-03-05T11:15:000000Z,7.96,1
2019-03-05T11:30:000000Z,13.98,1
2019-03-05T11:45:000000Z,1.59,1
2019-03-05T12:00:000000Z,10.97,1
2019-03-05T12:15:000000Z,5.18,1
2019-03-05T12:30:000000Z,2.99,1
2019-03-05T12:45:000000Z,4.99,1
2019-03-05T13:00:000000Z,25.97,1
2019-03-05T13:15:000000Z,49.16,2
2019-03-05T13:30:000000Z,102.81,7
2019-03-05T13:45:000000Z,79.88,8
2019-03-05T14:00:000000Z,59.89,8
2019-03-05T14:15:000000Z,131.01,12
2019-03-05T14:30:000000Z,75.80,8
2019-03-05T14:45:000000Z,97.33,10
2019-03-05T15:00:000000Z,38.34,5
2019-03-05T15:15:000000Z,233.87,13
2019-03-05T15:30:000000Z,167.11,14
2019-03-05T15:45:000000Z,42.94,6
2019-03-05T16:00:000000Z,192.41,11
2019-03-05T16:15:000000Z,79.14,3
2019-03-05T16:30:000000Z,133.21,11
2019-03-05T16:45:000000Z,87.98,11
2019-03-05T17:00:000000Z,40.43,7
2019-03-05T17:15:000000Z,194.11,8
2019-03-05T17:30:000000Z,99.09,9
2019-03-05T17:45:000000Z,38.95,4
2019-03-05T18:00:000000Z,114.06,9
2019-03-05T18:15:000000Z,16.98,2
2019-03-05T18:30:000000Z,60.92,5
2019-03-05T18:45:000000Z,75.66,6
2019-03-05T19:00:000000Z,11.98,1
2019-03-05T19:15:000000Z,23.98,1
2019-03-05T19:30:000000Z,1.50,1
2019-03-05T19:45:000000Z,1.99,1
2019-03-05T20:00:000000Z,25.95,1
2019-03-05T20:15:000000Z,2.00,1
2019-03-05T20:30:000000Z,3.99,1
2019-03-05T20:45:000000Z,7.98,1
2019-03-05T21:00:000000Z,2.99,1
2019-03-05T21:15:000000Z,6.49,1
2019-03-05T21:30:000000Z,9.99,1
2019-03-05T21:45:000000Z,5.97,1
2019-03-05T22:00:000000Z,3.99,1
2019-03-05T22:15:000000Z,6.99,1
2019-03-05T22:30:000000Z,1.99,1
2019-03-05T22:45:000000Z,5.49,1
2019-03-05T23:00:000000Z,-19.99,1
2019-03-05T23:15:000000Z,19.99,1
2019-03-05T23:30:000000Z,39.98,1
2019-03-05T23:45:000000Z,32.98,1
2019-03-06T00:00:000000Z,10.98,1
2019-03-06T00:15:000000Z,4.99,1
2019-03-06T00:30:000000Z,14.99,1
2019-03-06T00:45:000000Z,9.97,1
2019-03-06T01:00:000000Z,26.15,1
2019-03-06T01:15:000000Z,3.99,1
2019-03-06T01:30:000000Z,20.96,1
2019-03-06T01:45:000000Z,4.99,1
2019-03-06T02:00:000000Z,16.98,1
2019-03-06T02:15:000000Z,25.98,1
2019-03-06T02:30:000000Z,5.98,1
2019-03-06T02:45:000000Z,14.99,1
2019-03-06T03:00:000000Z,11.98,1
2019-03-06T03:15:000000Z,27.98,1
2019-03-06T03:30:000000Z,19.98,1
2019-03-06T03:45:000000Z,7.98,1
2019-03-06T04:00:000000Z,4.99,1
2019-03-06T04:15:000000Z,11.97,1
2019-03-06T04:30:000000Z,25.15,1
2019-03-06T04:45:000000Z,1.99,1
2019-03-06T05:00:000000Z,28.94,1
2019-03-06T05:15:000000Z,29.13,1
2019-03-06T05:30:000000Z,5.99,1
2019-03-06T05:45:000000Z,9.99,1
2019-03-06T06:00:000000Z,9.98,1
2019-03-06T06:15:000000Z,9.99,1
2019-03-06T06:30:000000Z,5.19,1
2019-03-06T06:45:000000Z,2.09,1
2019-03-06T07:00:000000Z,54.07,1
2019-03-06T07:15:000000Z,5.49,1
2019-03-06T07:30:000000Z,25.98,1
2019-03-06T07:45:000000Z,6.98,1
2019-03-06T08:00:000000Z,11.08,1
2019-03-06T08:15:000000Z,8.97,1
2019-03-06T08:30:000000Z,20.95,1
2019-03-06T08:45:000000Z,4.99,1
2019-03-06T09:00:000000Z,6.08,1
2019-03-06T09:15:000000Z,5.97,1
2019-03-06T09:30:000000Z,50.13,1
2019-03-06T09:45:000000Z,2.99,1
2019-03-06T10:00:000000Z,27.96,1
2019-03-06T10:15:000000Z,2.99,1
2019-03-06T10:30:000000Z,26.16,1
2019-03-06T10:45:000000Z,71.12,1
2019-03-06T11:00:000000Z,9.99,1
2019-03-06T11:15:000000Z,3.99,1
2019-03-06T11:30:000000Z,18.98,1
2019-03-06T11:45:000000Z,4.98,1
2019-03-06T12:00:000000Z,12.98,1
2019-03-06T12:15:000000Z,43.14,2
2019-03-06T12:30:000000Z,36.13,5
2019-03-06T12:45:000000Z,174.39,12
2019-03-06T13:00:000000Z,88.06,6
2019-03-06T13:15:000000Z,110.28,4
2019-03-06T13:30:000000Z,42.43,5
2019-03-06T13:45:000000Z,198.80,13
2019-03-06T14:00:000000Z,66.89,5
2019-03-06T14:15:000000Z,111.54,6
2019-03-06T14:30:000000Z,34.45,7
2019-03-06T14:45:000000Z,107.04,8
2019-03-06T15:00:000000Z,122.54,12
2019-03-06T15:15:000000Z,52.92,5
2019-03-06T15:30:000000Z,142.21,9
2019-03-06T15:45:000000Z,45.66,4
2019-03-06T16:00:000000Z,239.55,18
2019-03-06T16:15:000000Z,126.17,12
2019-03-06T16:30:000000Z,113.24,5
2019-03-06T16:45:000000Z,173.04,8
2019-03-06T17:00:000000Z,105.36,9
2019-03-06T17:15:000000Z,58.13,4
2019-03-06T17:30:000000Z,28.94,2
2019-03-06T17:45:000000Z,187.20,9
2019-03-06T18:00:000000Z,74.47,7
2019-03-06T18:15:000000Z,67.20,5
2019-03-06T18:30:000000Z,67.07,5
2019-03-06T18:45:000000Z,70.85,7
2019-03-06T19:00:000000Z,26.49,1
2019-03-06T19:15:000000Z,2.99,1
2019-03-06T19:30:000000Z,7.99,1
2019-03-06T19:45:000000Z,29.99,1
2019-03-06T20:00:000000Z,11.98,1
2019-03-06T20:15:000000Z,3.00,1
2019-03-06T20:30:000000Z,4.99,1
2019-03-06T20:45:000000Z,4.99,1
2019-03-06T21:00:000000Z,5.98,1
2019-03-06T21:15:000000Z,29.97,1
2019-03-06T21:30:000000Z,13.93,1
2019-03-06T21:45:000000Z,5.98,1
2019-03-06T22:00:000000Z,20.97,1
2019-03-06T22:15:000000Z,6.98,1
2019-03-06T22:30:000000Z,69.96,1
2019-03-06T22:45:000000Z,-12.99,1
2019-03-06T23:00:000000Z,10.19,1
2019-03-06T23:15:000000Z,7.99,1
2019-03-06T23:30:000000Z,14.99,1
2019-03-06T23:45:000000Z,1.99,1
2019-03-07T00:00:000000Z,9.98,1
2019-03-07T00:15:000000Z,6.10,1
2019-03-07T00:30:000000Z,5.10,1
2019-03-07T00:45:000000Z,12.18,1
2019-03-07T01:00:000000Z,6.97,1
2019-03-07T01:15:000000Z,14.99,1
2019-03-07T01:30:000000Z,4.99,1
2019-03-07T01:45:000000Z,53.15,1
2019-03-07T02:00:000000Z,13.19,1
2019-03-07T02:15:000000Z,6.08,1
2019-03-07T02:30:000000Z,17.97,1
2019-03-07T02:45:000000Z,57.15,1
2019-03-07T03:00:000000Z,29.99,1
2019-03-07T03:15:000000Z,29.97,1
2019-03-07T03:30:000000Z,2.00,1
2019-03-07T03:45:000000Z,4.99,1
2019-03-07T04:00:000000Z,9.99,1
2019-03-07T04:15:000000Z,4.99,1
2019-03-07T04:30:000000Z,16.97,1
2019-03-07T04:45:000000Z,7.97,1
2019-03-07T05:00:000000Z,73.13,1
2019-03-07T05:15:000000Z,26.98,1
2019-03-07T05:30:000000Z,35.17,1
2019-03-07T05:45:000000Z,9.99,1
2019-03-07T06:00:000000Z,9.99,1
2019-03-07T06:15:000000Z,9.99,1
2019-03-07T06:30:000000Z,5.98,1
2019-03-07T06:45:000000Z,1.99,1
2019-03-07T07:00:000000Z,19.99,1
2019-03-07T07:15:000000Z,1.99,1
2019-03-07T07:30:000000Z,16.17,1
2019-03-07T07:45:000000Z,29.75,1
2019-03-07T08:00:000000Z,3.99,1
2019-03-07T08:15:000000Z,29.14,1
2019-03-07T08:30:000000Z,4.98,1
2019-03-07T08:45:000000Z,30.95,1
2019-03-07T09:00:000000Z,11.97,1
2019-03-07T09:15:000000Z,9.98,1
2019-03-07T09:30:000000Z,5.99,1
2019-03-07T09:45:000000Z,12.99,1
2019-03-07T10:00:000000Z,2.99,1
2019-03-07T10:15:000000Z,4.99,1
2019-03-07T10:30:000000Z,7.99,1
2019-03-07T10:45:000000Z,9.99,1
2019-03-07T11:00:000000Z,4.99,1
2019-03-07T11:15:000000Z,12.99,1
2019-03-07T11:30:000000Z,21.96,1
2019-03-07T11:45:000000Z,14.98,1
2019-03-07T12:00:000000Z,19.19,1
2019-03-07T12:15:000000Z,9.98,1
2019-03-07T12:30:000000Z,3.99,1
2019-03-07T12:45:000000Z,6.99,1
2019-03-07T13:00:000000Z,83.41,8
2019-03-07T13:15:000000Z,103.26,11
2019-03-07T13:30:000000Z,156.94,8
2019-03-07T13:45:000000Z,125.22,7
2019-03-07T14:00:000000Z,204.87,13
2019-03-07T14:15:000000Z,57.90,5
2019-03-07T14:30:000000Z,204.78,12
2019-03-07T14:45:000000Z,102.06,5
2019-03-07T15:00:000000Z,41.92,7
2019-03-07T15:15:000000Z,59.94,6
2019-03-07T15:30:000000Z,144.37,14
2019-03-07T15:45:000000Z,103.07,9
2019-03-07T16:00:000000Z,189.23,10
2019-03-07T16:15:000000Z,133.72,13
2019-03-07T16:30:000000Z,182.66,12
2019-03-07T16:45:000000Z,198.73,17
2019-03-07T17:00:000000Z,93.04,8
2019-03-07T17:15:000000Z,146.02,7
2019-03-07T17:30:000000Z,233.11,21
2019-03-07T17:45:000000Z,140.94,10
2019-03-07T18:00:000000Z,232.22,19
2019-03-07T18:15:000000Z,72.85,7
2019-03-07T18:30:000000Z,267.47,14
2019-03-07T18:45:000000Z,93.61,10
2019-03-07T19:00:000000Z,223.71,13
2019-03-07T19:15:000000Z,59.90,4
2019-03-07T19:30:000000Z,141.82,7
2019-03-07T19:45:000000Z,207.25,11
2019-03-07T20:00:000000Z,81.29,8
2019-03-07T20:15:000000Z,163.15,11
2019-03-07T20:30:000000Z,231.18,13
2019-03-07T20:45:000000Z,18.94,3
2019-03-07T21:00:000000Z,3.99,1
2019-03-07T21:15:000000Z,1.50,1
2019-03-07T21:30:000000Z,105.06,1
2019-03-07T21:45:000000Z,3.99,1
2019-03-07T22:00:000000Z,23.98,1
2019-03-07T22:15:000000Z,8.99,1
2019-03-07T22:30:000000Z,3.98,1
2019-03-07T22:45:000000Z,12.18,1
2019-03-07T23:00:000000Z,14.99,1
2019-03-07T23:15:000000Z,7.49,1
2019-03-07T23:30:000000Z,6.49,1
2019-03-07T23:45:000000Z,12.99,1
2019-03-08T00:00:000000Z,7.99,1
2019-03-08T00:15:000000Z,11.08,1
2019-03-08T00:30:000000Z,6.98,1
2019-03-08T00:45:000000Z,14.99,1
2019-03-08T01:00:000000Z,7.98,1
2019-03-08T01:15:000000Z,2.99,1
2019-03-08T01:30:000000Z,9.97,1
2019-03-08T01:45:000000Z,4.09,1
2019-03-08T02:00:000000Z,8.97,1
2019-03-08T02:15:000000Z,38.15,1
2019-03-08T02:30:000000Z,2.99,1
2019-03-08T02:45:000000Z,38.95,1
2019-03-08T03:00:000000Z,13.98,1
2019-03-08T03:15:000000Z,20.16,1
2019-03-08T03:30:000000Z,2.99,1
2019-03-08T03:45:000000Z,4.99,1
2019-03-08T04:00:000000Z,6.99,1
2019-03-08T04:15:000000Z,11.97,1
2019-03-08T04:30:000000Z,58.14,1
2019-03-08T04:45:000000Z,9.98,1
2019-03-08T05:00:000000Z,1.99,1
2019-03-08T05:15:000000Z,17.99,1
2019-03-08T05:30:000000Z,76.77,1
2019-03-08T05:45:000000Z,17.18,1
2019-03-08T06:00:000000Z,37.96,1
2019-03-08T06:15:000000Z,3.99,1
2019-03-08T06:30:000000Z,22.97,1
2019-03-08T06:45:000000Z,14.99,1
2019-03-08T07:00:000000Z,9.98,1
2019-03-08T07:15:000000Z,11.96,1
2019-03-08T07:30:000000Z,48.96,1
2019-03-08T07:45:000000Z,9.98,1
2019-03-08T08:00:000000Z,3.99,1
2019-03-08T08:15:000000Z,35.13,1
2019-03-08T08:30:000000Z,3.99,1
2019-03-08T08:45:000000Z,3.99,1
2019-03-08T09:00:000000Z,3.99,1
2019-03-08T09:15:000000Z,3.99,1
2019-03-08T09:30:000000Z,7.99,1
2019-03-08T09:45:000000Z,19.99,1
2019-03-08T10:00:000000Z,5.99,1
2019-03-08T10:15:000000Z,24.15,1
2019-03-08T10:30:000000Z,3.99,1
2019-03-08T10:45:000000Z,8.19,1
2019-03-08T11:00:000000Z,7.98,1
2019-03-08T11:15:000000Z,40.95,1
2019-03-08T11:30:000000Z,7.99,1
2019-03-08T11:45:000000Z,14.99,1
2019-03-08T12:00:000000Z,4.09,1
2019-03-08T12:15:000000Z,2.99,1
2019-03-08T12:30:000000Z,3.99,1
2019-03-08T12:45:000000Z,151.21,11
2019-03-08T13:00:000000Z,101.02,11
2019-03-08T13:15:000000Z,132.36,10
2019-03-08T13:30:000000Z,74.51,5
2019-03-08T13:45:000000Z,70.92,6
2019-03-08T14:00:000000Z,56.10,5
2019-03-08T14:15:000000Z,143.04,8
2019-03-08T14:30:000000Z,99.38,8
2019-03-08T14:45:000000Z,136.16,10
2019-03-08T15:00:000000Z,135.05,12
2019-03-08T15:15:000000Z,207.35,10
2019-03-08T15:30:000000Z,318.98,18
2019-03-08T15:45:000000Z,49.02,6
2019-03-08T16:00:000000Z,217.29,15
2019-03-08T16:15:000000Z,188.05,10
2019-03-08T16:30:000000Z,72.05,8
2019-03-08T16:45:000000Z,217.11,15
2019-03-08T17:00:000000Z,87.08,9
2019-03-08T17:15:000000Z,48.34,4
2019-03-08T17:30:000000Z,142.02,8
2019-03-08T17:45:000000Z,217.28,15
2019-03-08T18:00:000000Z,102.52,10
2019-03-08T18:15:000000Z,251.20,20
2019-03-08T18:30:000000Z,58.10,2
2019-03-08T18:45:000000Z,51.42,6
2019-03-08T19:00:000000Z,86.33,6
2019-03-08T19:15:000000Z,93.85,4
2019-03-08T19:30:000000Z,99.06,5
2019-03-08T19:45:000000Z,55.11,5
2019-03-08T20:00:000000Z,7.99,1
2019-03-08T20:15:000000Z,71.87,5
2019-03-08T20:30:000000Z,9.49,1
2019-03-08T20:45:000000Z,99.13,6
2019-03-08T21:00:000000Z,4.99,1
2019-03-08T21:15:000000Z,3.99,1
2019-03-08T21:30:000000Z,10.98,1
2019-03-08T21:45:000000Z,9.08,1
2019-03-08T22:00:000000Z,41.96,1
2019-03-08T22:15:000000Z,11.99,1
2019-03-08T22:30:000000Z,10.98,1
2019-03-08T22:45:000000Z,9.09,1
2019-03-08T23:00:000000Z,17.96,1
2019-03-08T23:15:000000Z,4.98,1
2019-03-08T23:30:000000Z,9.98,1
2019-03-08T23:45:000000Z,6.99,1
2019-03-09T00:00:000000Z,7.99,1
2019-03-09T00:15:000000Z,9.99,1
2019-03-09T00:30:000000Z,9.98,1
2019-03-09T00:45:000000Z,20.97,1
2019-03-09T01:00:000000Z,15.18,1
2019-03-09T01:15:000000Z,2.99,1
2019-03-09T01:30:000000Z,-2.99,1
2019-03-09T01:45:000000Z,29.99,1
2019-03-09T02:00:000000Z,12.17,1
2019-03-09T02:15:000000Z,16.99,1
2019-03-09T02:30:000000Z,28.14,1
2019-03-09T02:45:000000Z,26.95,1
2019-03-09T03:00:000000Z,7.98,1
2019-03-09T03:15:000000Z,2.00,1
2019-03-09T03:30:000000Z,17.96,1
2019-03-09T03:45:000000Z,19.97,1
2019-03-09T04:00:000000Z,5.09,1
2019-03-09T04:15:000000Z,29.95,1
2019-03-09T04:30:000000Z,4.99,1
2019-03-09T04:45:000000Z,38.94,1
2019-03-09T05:00:000000Z,8.98,1
2019-03-09T05:15:000000Z,10.97,1
2019-03-09T05:30:000000Z,12.98,1
2019-03-09T05:45:000000Z,6.99,1
2019-03-09T06:00:000000Z,3.98,1
2019-03-09T06:15:000000Z,4.99,1
2019-03-09T06:30:000000Z,19.96,1
2019-03-09T06:45:000000Z,26.18,1
2019-03-09T07:00:000000Z,9.95,1
2019-03-09T07:15:000000Z,2.99,1
2019-03-09T07:30:000000Z,41.95,1
2019-03-09T07:45:000000Z,14.97,1
2019-03-09T08:00:000000Z,14.99,1
2019-03-09T08:15:000000Z,55.90,1
2019-03-09T08:30:000000Z,9.97,1
2019-03-09T08:45:000000Z,82.12,1
2019-03-09T09:00:000000Z,12.99,1
2019-03-09T09:15:000000Z,8.18,1
2019-03-09T09:30:000000Z,14.99,1
2019-03-09T09:45:000000Z,23.97,1
2019-03-09T10:00:000000Z,6.99,1
2019-03-09T10:15:000000Z,15.98,1
2019-03-09T10:30:000000Z,12.97,1
2019-03-09T10:45:000000Z,21.68,1
2019-03-09T11:00:000000Z,38.98,1
2019-03-09T11:15:000000Z,17.96,1
2019-03-09T11:30:000000Z,131.86,7
2019-03-09T11:45:000000Z,351.79,17
2019-03-09T12:00:000000Z,244.98,13
2019-03-09T12:15:000000Z,325.77,18
2019-03-09T12:30:000000Z,262.68,13
2019-03-09T12:45:000000Z,189.94,12
2019-03-09T13:00:000000Z,213.09,17
2019-03-09T13:15:000000Z,90.61,9
2019-03-09T13:30:000000Z,398.08,19
2019-03-09T13:45:000000Z,132.98,15
2019-03-09T14:00:000000Z,205.53,14
2019-03-09T14:15:000000Z,200.83,15
2019-03-09T14:30:000000Z,214.45,14
2019-03-09T14:45:000000Z,214.53,13
2019-03-09T15:00:000000Z,156.68,14
2019-03-09T15:15:000000Z,445.78,25
2019-03-09T15:30:000000Z,223.65,20
2019-03-09T15:45:000000Z,259.19,18
2019-03-09T16:00:000000Z,252.98,17
2019-03-09T16:15:000000Z,313.72,25
2019-03-09T16:30:000000Z,146.21,13
2019-03-09T16:45:000000Z,277.97,15
2019-03-09T17:00:000000Z,96.86,6
2019-03-09T17:15:000000Z,113.62,9
2019-03-09T17:30:000000Z,154.22,8
2019-03-09T17:45:000000Z,210.27,12
2019-03-09T18:00:000000Z,266.68,20
2019-03-09T18:15:000000Z,169.86,12
2019-03-09T18:30:000000Z,133.78,10
2019-03-09T18:45:000000Z,172.55,6
2019-03-09T19:00:000000Z,99.45,7
2019-03-09T19:15:000000Z,95.03,8
2019-03-09T19:30:000000Z,51.93,8
2019-03-09T19:45:000000Z,62.88,7
2019-03-09T20:00:000000Z,96.09,5
2019-03-09T20:15:000000Z,36.94,2
2019-03-09T20:30:000000Z,118.84,8
2019-03-09T20:45:000000Z,67.85,7
2019-03-09T21:00:000000Z,8.99,1
2019-03-09T21:15:000000Z,4.99,1
2019-03-09T21:30:000000Z,4.99,1
2019-03-09T21:45:000000Z,23.07,1
2019-03-09T22:00:000000Z,2.99,1
2019-03-09T22:15:000000Z,6.99,1
2019-03-09T22:30:000000Z,5.98,1
2019-03-09T22:45:000000Z,14.99,1
2019-03-09T23:00:000000Z,14.99,1
2019-03-09T23:15:000000Z,14.97,1
2019-03-09T23:30:000000Z,21.97,1
2019-03-09T23:45:000000Z,12.98,1
2019-03-10T00:00:000000Z,7.99,1
2019-03-10T00:15:000000Z,15.18,1
2019-03-10T00:30:000000Z,58.44,1
2019-03-10T00:45:000000Z,6.98,1
2019-03-10T01:00:000000Z,9.99,1
2019-03-10T01:15:000000Z,19.95,1
2019-03-10T01:30:000000Z,10.97,1
2019-03-10T01:45:000000Z,7.19,1
2019-03-10T02:00:000000Z,18.98,1
2019-03-10T02:15:000000Z,16.06,1
2019-03-10T02:30:000000Z,14.99,1
2019-03-10T02:45:000000Z,2.00,1
2019-03-10T03:00:000000Z,4.99,1
2019-03-10T03:15:000000Z,6.99,1
2019-03-10T03:30:000000Z,23.95,1
2019-03-10T03:45:000000Z,15.98,1
2019-03-10T04:00:000000Z,17.97,1
2019-03-10T04:15:000000Z,3.99,1
2019-03-10T04:30:000000Z,24.94,1
2019-03-10T04:45:000000Z,9.99,1
2019-03-10T05:00:000000Z,1.99,1
2019-03-10T05:15:000000Z,29.05,1
2019-03-10T05:30:000000Z,6.99,1
2019-03-10T05:45:000000Z,5.98,1
2019-03-10T06:00:000000Z,10.19,1
2019-03-10T06:15:000000Z,11.98,1
2019-03-10T06:30:000000Z,4.99,1
2019-03-10T06:45:000000Z,-9.99,1
2019-03-10T07:00:000000Z,1.99,1
2019-03-10T07:15:000000Z,9.99,1
2019-03-10T07:30:000000Z,20.96,1
2019-03-10T07:45:000000Z,19.96,1
2019-03-10T08:00:000000Z,17.08,1
2019-03-10T08:15:000000Z,-9.99,1
2019-03-10T08:30:000000Z,10.98,1
2019-03-10T08:45:000000Z,39.99,1
2019-03-10T09:00:000000Z,39.99,1
2019-03-10T09:15:000000Z,3.99,1
2019-03-10T09:30:000000Z,4.99,1
2019-03-10T09:45:000000Z,3.99,1
2019-03-10T10:00:000000Z,11.48,1
2019-03-10T10:15:000000Z,4.99,1
2019-03-10T10:30:000000Z,7.99,1
2019-03-10T10:45:000000Z,4.99,1
2019-03-10T11:00:000000Z,21.97,1
2019-03-10T11:15:000000Z,39.99,1
2019-03-10T11:30:000000Z,9.99,1
2019-03-10T11:45:000000Z,71.92,8
2019-03-10T12:00:000000Z,212.13,12
2019-03-10T12:15:000000Z,307.67,16
2019-03-10T12:30:000000Z,140.13,12
2019-03-10T12:45:000000Z,337.66,18
2019-03-10T13:00:000000Z,222.26,19
2019-03-10T13:15:000000Z,271.02,19
2019-03-10T13:30:000000Z,293.52,14
2019-03-10T13:45:000000Z,228.85,18
2019-03-10T14:00:000000Z,196.34,15
2019-03-10T14:15:000000Z,156.84,12
2019-03-10T14:30:000000Z,402.32,22
2019-03-10T14:45:000000Z,168.49,14
2019-03-10T15:00:000000Z,319.64,24
2019-03-10T15:15:000000Z,95.14,11
2019-03-10T15:30:000000Z,241.81,20
2019-03-10T15:45:000000Z,235.88,17
2019-03-10T16:00:000000Z,192.67,18
2019-03-10T16:15:000000Z,254.08,18
2019-03-10T16:30:000000Z,205.58,14
2019-03-10T16:45:000000Z,117.84,10
2019-03-10T17:00:000000Z,367.88,18
2019-03-10T17:15:000000Z,149.44,16
2019-03-10T17:30:000000Z,184.04,18
2019-03-10T17:45:000000Z,81.13,11
2019-03-10T18:00:000000Z,142.31,9
2019-03-10T18:15:000000Z,64.90,6
2019-03-10T18:30:000000Z,161.39,12
2019-03-10T18:45:000000Z,18.46,3
2019-03-10T19:00:000000Z,4.19,1
2019-03-10T19:15:000000Z,7.99,1
2019-03-10T19:30:000000Z,3.99,1
2019-03-10T19:45:000000Z,15.07,1
2019-03-10T20:00:000000Z,36.05,1
2019-03-10T20:15:000000Z,6.98,1
2019-03-10T20:30:000000Z,9.99,1
2019-03-10T20:45:000000Z,19.99,1
2019-03-10T21:00:000000Z,4.99,1
2019-03-10T21:15:000000Z,9.99,1
2019-03-10T21:30:000000Z,-19.99,1
2019-03-10T21:45:000000Z,4.99,1
2019-03-10T22:00:000000Z,34.99,1
2019-03-10T22:15:000000Z,6.98,1
2019-03-10T22:30:000000Z,2.99,1
2019-03-10T22:45:000000Z,27.15,1
2019-03-10T23:00:000000Z,8.98,1
2019-03-10T23:15:000000Z,21.98,1
2019-03-10T23:30:000000Z,1.99,1
2019-03-10T23:45:000000Z,11.16,1
2019-03-11T00:00:000000Z,4.98,1
2019-03-11T00:15:000000Z,8.19,1
2019-03-11T00:30:000000Z,17.97,1
2019-03-11T00:45:000000Z,13.15,1
2019-03-11T01:00:000000Z,15.97,1
2019-03-11T01:15:000000Z,17.97,1
2019-03-11T01:30:000000Z,4.99,1
2019-03-11T01:45:000000Z,7.99,1
2019-03-11T02:00:000000Z,9.98,1
2019-03-11T02:15:000000Z,11.18,1
2019-03-11T02:30:000000Z,19.97,1
2019-03-11T02:45:000000Z,10.18,1
2019-03-11T03:00:000000Z,7.99,1
2019-03-11T03:15:000000Z,16.98,1
2019-03-11T03:30:000000Z,4.99,1
2019-03-11T03:45:000000Z,29.17,1
2019-03-11T04:00:000000Z,7.98,1
2019-03-11T04:15:000000Z,10.98,1
2019-03-11T04:30:000000Z,11.97,1
2019-03-11T04:45:000000Z,6.99,1
2019-03-11T05:00:000000Z,14.99,1
2019-03-11T05:15:000000Z,7.97,1
2019-03-11T05:30:000000Z,2.00,1
2019-03-11T05:45:000000Z,3.99,1
2019-03-11T06:00:000000Z,17.97,1
2019-03-11T06:15:000000Z,24.99,1
2019-03-11T06:30:000000Z,5.00,1
2019-03-11T06:45:000000Z,4.99,1
2019-03-11T07:00:000000Z,24.99,1
2019-03-11T07:15:000000Z,9.99,1
2019-03-11T07:30:000000Z,9.99,1
2019-03-11T07:45:000000Z,9.98,1
2019-03-11T08:00:000000Z,0.20,1
2019-03-11T08:15:000000Z,21.96,1
2019-03-11T08:30:000000Z,3.99,1
2019-03-11T08:45:000000Z,1.99,1
2019-03-11T09:00:000000Z,8.97,1
2019-03-11T09:15:000000Z,8.98,1
2019-03-11T09:30:000000Z,12.99,1
2019-03-11T09:45:000000Z,7.49,1
2019-03-11T10:00:000000Z,12.98,1
2019-03-11T10:15:000000Z,24.07,1
2019-03-11T10:30:000000Z,13.29,1
2019-03-11T10:45:000000Z,3.99,1
2019-03-11T11:00:000000Z,37.27,1
2019-03-11T11:15:000000Z,14.99,1
2019-03-11T11:30:000000Z,34.99,1
2019-03-11T11:45:000000Z,4.99,1
2019-03-11T12:00:000000Z,14.18,1
2019-03-11T12:15:000000Z,22.17,1
2019-03-11T12:30:000000Z,3.99,1
2019-03-11T12:45:000000Z,4.99,1
2019-03-11T13:00:000000Z,67.02,8
2019-03-11T13:15:000000Z,57.10,7
2019-03-11T13:30:000000Z,108.79,9
2019-03-11T13:45:000000Z,96.15,10
2019-03-11T14:00:000000Z,114.81,12
2019-03-11T14:15:000000Z,178.91,14
2019-03-11T14:30:000000Z,66.89,6
2019-03-11T14:45:000000Z,163.09,11
2019-03-11T15:00:000000Z,126.29,9
2019-03-11T15:15:000000Z,73.49,8
2019-03-11T15:30:000000Z,220.54,12
2019-03-11T15:45:000000Z,174.68,10
2019-03-11T16:00:000000Z,93.88,8
2019-03-11T16:15:000000Z,42.63,6
2019-03-11T16:30:000000Z,88.96,5
2019-03-11T16:45:000000Z,106.46,10
2019-03-11T17:00:000000Z,87.85,10
2019-03-11T17:15:000000Z,151.84,7
2019-03-11T17:30:000000Z,144.98,10
2019-03-11T17:45:000000Z,57.90,7
2019-03-11T18:00:000000Z,19.45,4
2019-03-11T18:15:000000Z,68.08,4
2019-03-11T18:30:000000Z,166.97,11
2019-03-11T18:45:000000Z,77.37,8
2019-03-11T19:00:000000Z,-4.99,1
2019-03-11T19:15:000000Z,7.98,1
2019-03-11T19:30:000000Z,4.99,1
2019-03-11T19:45:000000Z,24.97,1
2019-03-11T20:00:000000Z,7.98,1
2019-03-11T20:15:000000Z,14.98,1
2019-03-11T20:30:000000Z,7.99,1
2019-03-11T20:45:000000Z,6.99,1
2019-03-11T21:00:000000Z,3.99,1
2019-03-11T21:15:000000Z,24.99,1
2019-03-11T21:30:000000Z,10.98,1
2019-03-11T21:45:000000Z,22.97,1
2019-03-11T22:00:000000Z,4.99,1
2019-03-11T22:15:000000Z,5.98,1
2019-03-11T22:30:000000Z,9.99,1
2019-03-11T22:45:000000Z,7.99,1
2019-03-11T23:00:000000Z,13.96,1
2019-03-11T23:15:000000Z,19.99,1
2019-03-11T23:30:000000Z,14.96,1
2019-03-11T23:45:000000Z,7.97,1
2019-03-12T00:00:000000Z,26.97,1
2019-03-12T00:15:000000Z,19.99,1
2019-03-12T00:30:000000Z,40.95,1
2019-03-12T00:45:000000Z,22.95,1
2019-03-12T01:00:000000Z,47.94,1
2019-03-12T01:15:000000Z,16.06,1
2019-03-12T01:30:000000Z,14.99,1
2019-03-12T01:45:000000Z,7.99,1
2019-03-12T02:00:000000Z,3.99,1
2019-03-12T02:15:000000Z,26.95,1
2019-03-12T02:30:000000Z,4.99,1
2019-03-12T02:45:000000Z,16.99,1
2019-03-12T03:00:000000Z,7.99,1
2019-03-12T03:15:000000Z,21.97,1
2019-03-12T03:30:000000Z,3.00,1
2019-03-12T03:45:000000Z,4.50,1
2019-03-12T04:00:000000Z,4.99,1
2019-03-12T04:15:000000Z,34.99,1
2019-03-12T04:30:000000Z,34.99,1
2019-03-12T04:45:000000Z,4.99,1
2019-03-12T05:00:000000Z,43.96,1
2019-03-12T05:15:000000Z,18.09,1
2019-03-12T05:30:000000Z,11.98,1
2019-03-12T05:45:000000Z,5.98,1
2019-03-12T06:00:000000Z,1.99,1
2019-03-12T06:15:000000Z,13.09,1
2019-03-12T06:30:000000Z,29.97,1
2019-03-12T06:45:000000Z,9.08,1
2019-03-12T07:00:000000Z,9.98,1
2019-03-12T07:15:000000Z,15.08,1
2019-03-12T07:30:000000Z,6.99,1
2019-03-12T07:45:000000Z,9.99,1
2019-03-12T08:00:000000Z,3.99,1
2019-03-12T08:15:000000Z,4.99,1
2019-03-12T08:30:000000Z,3.00,1
2019-03-12T08:45:000000Z,12.98,1
2019-03-12T09:00:000000Z,4.99,1
2019-03-12T09:15:000000Z,17.97,1
2019-03-12T09:30:000000Z,1.99,1
2019-03-12T09:45:000000Z,32.95,1
2019-03-12T10:00:000000Z,23.96,1
2019-03-12T10:15:000000Z,17.98,1
2019-03-12T10:30:000000Z,89.87,1
2019-03-12T10:45:000000Z,4.99,1
2019-03-12T11:00:000000Z,4.99,1
2019-03-12T11:15:000000Z,4.99,1
2019-03-12T11:30:000000Z,61.19,1
2019-03-12T11:45:000000Z,14.97,1
2019-03-12T12:00:000000Z,6.98,1
2019-03-12T12:15:000000Z,6.99,1
2019-03-12T12:30:000000Z,7.99,1
2019-03-12T12:45:000000Z,74.05,1
2019-03-12T13:00:000000Z,12.98,1
2019-03-12T13:15:000000Z,44.94,3
2019-03-12T13:30:000000Z,120.82,8
2019-03-12T13:45:000000Z,121.85,8
2019-03-12T14:00:000000Z,131.83,8
2019-03-12T14:15:000000Z,104.83,9
2019-03-12T14:30:000000Z,112.35,12
2019-03-12T14:45:000000Z,96.17,8
2019-03-12T15:00:000000Z,67.89,6
2019-03-12T15:15:000000Z,169.84,16
2019-03-12T15:30:000000Z,162.76,10
2019-03-12T15:45:000000Z,143.84,13
2019-03-12T16:00:000000Z,145.39,10
2019-03-12T16:15:000000Z,79.56,7
2019-03-12T16:30:000000Z,53.91,5
2019-03-12T16:45:000000Z,127.93,8
2019-03-12T17:00:000000Z,93.90,5
2019-03-12T17:15:000000Z,93.04,7
2019-03-12T17:30:000000Z,247.25,11
2019-03-12T17:45:000000Z,76.00,8
2019-03-12T18:00:000000Z,25.13,3
2019-03-12T18:15:000000Z,41.90,7
2019-03-12T18:30:000000Z,46.23,5
2019-03-12T18:45:000000Z,57.20,3
2019-03-12T19:00:000000Z,19.95,1
2019-03-12T19:15:000000Z,4.99,1
2019-03-12T19:30:000000Z,8.98,1
2019-03-12T19:45:000000Z,1.99,1
2019-03-12T20:00:000000Z,3.99,1
2019-03-12T20:15:000000Z,5.99,1
2019-03-12T20:30:000000Z,13.98,1
2019-03-12T20:45:000000Z,3.98,1
2019-03-12T21:00:000000Z,7.98,1
2019-03-12T21:15:000000Z,8.98,1
2019-03-12T21:30:000000Z,6.99,1
2019-03-12T21:45:000000Z,12.99,1
2019-03-12T22:00:000000Z,8.99,1
2019-03-12T22:15:000000Z,4.09,1
2019-03-12T22:30:000000Z,49.06,1
2019-03-12T22:45:000000Z,26.99,1
2019-03-12T23:00:000000Z,6.99,1
2019-03-12T23:15:000000Z,8.97,1
2019-03-12T23:30:000000Z,17.98,1
2019-03-12T23:45:000000Z,13.96,1
2019-03-13T00:00:000000Z,6.99,1
2019-03-13T00:15:000000Z,1.00,1
2019-03-13T00:30:000000Z,10.98,1
2019-03-13T00:45:000000Z,24.98,1
2019-03-13T01:00:000000Z,17.98,1
2019-03-13T01:15:000000Z,20.05,1
2019-03-13T01:30:000000Z,7.24,1
2019-03-13T01:45:000000Z,9.07,1
2019-03-13T02:00:000000Z,9.99,1
2019-03-13T02:15:000000Z,29.98,1
2019-03-13T02:30:000000Z,19.94,1
2019-03-13T02:45:000000Z,19.97,1
2019-03-13T03:00:000000Z,24.99,1
2019-03-13T03:15:000000Z,9.96,1
2019-03-13T03:30:000000Z,36.94,1
2019-03-13T03:45:000000Z,5.98,1
2019-03-13T04:00:000000Z,4.99,1
2019-03-13T04:15:000000Z,7.98,1
2019-03-13T04:30:000000Z,11.98,1
2019-03-13T04:45:000000Z,8.98,1
2019-03-13T05:00:000000Z,4.99,1
2019-03-13T05:15:000000Z,13.97,1
2019-03-13T05:30:000000Z,37.92,1
2019-03-13T05:45:000000Z,35.97,1
2019-03-13T06:00:000000Z,19.99,1
2019-03-13T06:15:000000Z,5.08,1
2019-03-13T06:30:000000Z,27.96,1
2019-03-13T06:45:000000Z,2.99,1
2019-03-13T07:00:000000Z,28.97,1
2019-03-13T07:15:000000Z,32.96,1
2019-03-13T07:30:000000Z,6.98,1
2019-03-13T07:45:000000Z,17.98,1
2019-03-13T08:00:000000Z,14.99,1
2019-03-13T08:15:000000Z,4.99,1
2019-03-13T08:30:000000Z,17.98,1
2019-03-13T08:45:000000Z,7.98,1
2019-03-13T09:00:000000Z,5.99,1
2019-03-13T09:15:000000Z,2.00,1
2019-03-13T09:30:000000Z,16.99,1
2019-03-13T09:45:000000Z,6.99,1
2019-03-13T10:00:000000Z,3.19,1
2019-03-13T10:15:000000Z,7.96,1
2019-03-13T10:30:000000Z,6.99,1
2019-03-13T10:45:000000Z,15.97,1
2019-03-13T11:00:000000Z,3.09,1
2019-03-13T11:15:000000Z,4.99,1
2019-03-13T11:30:000000Z,9.99,1
2019-03-13T11:45:000000Z,29.99,1
2019-03-13T12:00:000000Z,4.99,1
2019-03-13T12:15:000000Z,12.97,1
2019-03-13T12:30:000000Z,82.88,7
2019-03-13T12:45:000000Z,51.90,5
2019-03-13T13:00:000000Z,84.89,7
2019-03-13T13:15:000000Z,91.18,8
2019-03-13T13:30:000000Z,111.18,10
2019-03-13T13:45:000000Z,213.30,12
2019-03-13T14:00:000000Z,110.84,10
2019-03-13T14:15:000000Z,109.86,9
2019-03-13T14:30:000000Z,93.37,11
2019-03-13T14:45:000000Z,186.07,12
2019-03-13T15:00:000000Z,80.84,7
2019-03-13T15:15:000000Z,184.62,10
2019-03-13T15:30:000000Z,81.81,8
2019-03-13T15:45:000000Z,149.24,11
2019-03-13T16:00:000000Z,157.76,15
2019-03-13T16:15:000000Z,158.41,13
2019-03-13T16:30:000000Z,369.88,20
2019-03-13T16:45:000000Z,166.16,11
2019-03-13T17:00:000000Z,82.89,7
2019-03-13T17:15:000000Z,142.60,11
2019-03-13T17:30:000000Z,96.97,6
2019-03-13T17:45:000000Z,147.51,10
2019-03-13T18:00:000000Z,111.12,8
2019-03-13T18:15:000000Z,114.62,7
2019-03-13T18:30:000000Z,83.09,6
2019-03-13T18:45:000000Z,14.99,1
2019-03-13T19:00:000000Z,7.99,1
2019-03-13T19:15:000000Z,21.98,1
2019-03-13T19:30:000000Z,7.99,1
2019-03-13T19:45:000000Z,8.99,1
2019-03-13T20:00:000000Z,9.99,1
2019-03-13T20:15:000000Z,14.99,1
2019-03-13T20:30:000000Z,10.97,1
2019-03-13T20:45:000000Z,7.99,1
2019-03-13T21:00:000000Z,3.99,1
2019-03-13T21:15:000000Z,4.99,1
2019-03-13T21:30:000000Z,7.99,1
2019-03-13T21:45:000000Z,5.09,1
2019-03-13T22:00:000000Z,27.94,1
2019-03-13T22:15:000000Z,6.99,1
2019-03-13T22:30:000000Z,-9.99,1
2019-03-13T22:45:000000Z,3.99,1
2019-03-13T23:00:000000Z,19.98,1
2019-03-13T23:15:000000Z,13.97,1
2019-03-13T23:30:000000Z,4.99,1
2019-03-13T23:45:000000Z,29.14,1
2019-03-14T00:00:000000Z,9.98,1
2019-03-14T00:15:000000Z,5.98,1
2019-03-14T00:30:000000Z,5.99,1
2019-03-14T00:45:000000Z,9.97,1
2019-03-14T01:00:000000Z,14.99,1
2019-03-14T01:15:000000Z,19.98,1
2019-03-14T01:30:000000Z,40.95,1
2019-03-14T01:45:000000Z,17.98,1
2019-03-14T02:00:000000Z,13.19,1
2019-03-14T02:15:000000Z,7.97,1
2019-03-14T02:30:000000Z,4.99,1
2019-03-14T02:45:000000Z,1.00,1
2019-03-14T03:00:000000Z,-14.99,1
2019-03-14T03:15:000000Z,30.93,1
2019-03-14T03:30:000000Z,8.98,1
2019-03-14T03:45:000000Z,14.99,1
2019-03-14T04:00:000000Z,4.99,1
2019-03-14T04:15:000000Z,2.99,1
2019-03-14T04:30:000000Z,6.99,1
2019-03-14T04:45:000000Z,11.99,1
2019-03-14T05:00:000000Z,9.99,1
2019-03-14T05:15:000000Z,9.98,1
2019-03-14T05:30:000000Z,26.17,1
2019-03-14T05:45:000000Z,26.95,1
2019-03-14T06:00:000000Z,5.98,1
2019-03-14T06:15:000000Z,12.99,1
2019-03-14T06:30:000000Z,9.99,1
2019-03-14T06:45:000000Z,7.99,1
2019-03-14T07:00:000000Z,24.97,1
2019-03-14T07:15:000000Z,7.99,1
2019-03-14T07:30:000000Z,11.97,1
2019-03-14T07:45:000000Z,11.96,1
2019-03-14T08:00:000000Z,3.99,1
2019-03-14T08:15:000000Z,17.18,1
2019-03-14T08:30:000000Z,5.09,1
2019-03-14T08:45:000000Z,37.12,1
2019-03-14T09:00:000000Z,6.99,1
2019-03-14T09:15:000000Z,7.99,1
2019-03-14T09:30:000000Z,8.98,1
2019-03-14T09:45:000000Z,26.96,1
2019-03-14T10:00:000000Z,3.99,1
2019-03-14T10:15:000000Z,4.99,1
2019-03-14T10:30:000000Z,7.96,1
2019-03-14T10:45:000000Z,14.99,1
2019-03-14T11:00:000000Z,22.97,1
2019-03-14T11:15:000000Z,20.16,1
2019-03-14T11:30:000000Z,34.93,1
2019-03-14T11:45:000000Z,33.95,1
2019-03-14T12:00:000000Z,11.96,1
2019-03-14T12:15:000000Z,4.99,1
2019-03-14T12:30:000000Z,20.95,4
2019-03-14T12:45:000000Z,36.14,4
2019-03-14T13:00:000000Z,177.02,14
2019-03-14T13:15:000000Z,32.15,4
2019-03-14T13:30:000000Z,86.37,8
2019-03-14T13:45:000000Z,78.30,5
2019-03-14T14:00:000000Z,36.95,4
2019-03-14T14:15:000000Z,121.35,8
2019-03-14T14:30:000000Z,67.87,7
2019-03-14T14:45:000000Z,110.09,10
2019-03-14T15:00:000000Z,216.17,13
2019-03-14T15:15:000000Z,86.22,12
2019-03-14T15:30:000000Z,192.90,13
2019-03-14T15:45:000000Z,87.84,10
2019-03-14T16:00:000000Z,118.37,10
2019-03-14T16:15:000000Z,112.86,12
2019-03-14T16:30:000000Z,138.07,14
2019-03-14T16:45:000000Z,231.93,19
2019-03-14T17:00:000000Z,90.54,10
2019-03-14T17:15:000000Z,195.89,11
2019-03-14T17:30:000000Z,297.31,17
2019-03-14T17:45:000000Z,124.04,10
2019-03-14T18:00:000000Z,113.04,10
2019-03-14T18:15:000000Z,154.11,10
2019-03-14T18:30:000000Z,307.62,14
2019-03-14T18:45:000000Z,225.16,14
2019-03-14T19:00:000000Z,110.04,11
2019-03-14T19:15:000000Z,230.21,16
2019-03-14T19:30:000000Z,294.54,22
2019-03-14T19:45:000000Z,135.05,9
2019-03-14T20:00:000000Z,208.74,10
2019-03-14T20:15:000000Z,140.16,12
2019-03-14T20:30:000000Z,174.74,13
2019-03-14T20:45:000000Z,223.93,17
2019-03-14T21:00:000000Z,9.99,1
2019-03-14T21:15:000000Z,2.99,1
2019-03-14T21:30:000000Z,13.96,1
2019-03-14T21:45:000000Z,9.99,1
2019-03-14T22:00:000000Z,22.16,1
2019-03-14T22:15:000000Z,7.99,1
2019-03-14T22:30:000000Z,12.97,1
2019-03-14T22:45:000000Z,42.92,1
2019-03-14T23:00:000000Z,14.99,1
2019-03-14T23:15:000000Z,10.98,1
2019-03-14T23:30:000000Z,1.99,1
2019-03-14T23:45:000000Z,9.98,1
2019-03-15T00:00:000000Z,21.20,1
2019-03-15T00:15:000000Z,3.99,1
2019-03-15T00:30:000000Z,9.99,1
2019-03-15T00:45:000000Z,2.99,1
2019-03-15T01:00:000000Z,9.99,1
2019-03-15T01:15:000000Z,19.17,1
2019-03-15T01:30:000000Z,4.99,1
2019-03-15T01:45:000000Z,1.99,1
2019-03-15T02:00:000000Z,6.99,1
2019-03-15T02:15:000000Z,48.94,1
2019-03-15T02:30:000000Z,8.97,1
2019-03-15T02:45:000000Z,13.98,1
2019-03-15T03:00:000000Z,9.99,1
2019-03-15T03:15:000000Z,34.97,1
2019-03-15T03:30:000000Z,64.91,1
2019-03-15T03:45:000000Z,3.99,1
2019-03-15T04:00:000000Z,19.98,1
2019-03-15T04:15:000000Z,1.00,1
2019-03-15T04:30:000000Z,54.22,1
2019-03-15T04:45:000000Z,1.00,1
2019-03-15T05:00:000000Z,15.97,1
2019-03-15T05:15:000000Z,3.99,1
2019-03-15T05:30:000000Z,14.99,1
2019-03-15T05:45:000000Z,69.25,1
2019-03-15T06:00:000000Z,7.99,1
2019-03-15T06:15:000000Z,19.06,1
2019-03-15T06:30:000000Z,6.99,1
2019-03-15T06:45:000000Z,1.99,1
2019-03-15T07:00:000000Z,19.18,1
2019-03-15T07:15:000000Z,18.99,1
2019-03-15T07:30:000000Z,4.99,1
2019-03-15T07:45:000000Z,1.99,1
2019-03-15T08:00:000000Z,3.99,1
2019-03-15T08:15:000000Z,22.96,1
2019-03-15T08:30:000000Z,28.93,1
2019-03-15T08:45:000000Z,4.99,1
2019-03-15T09:00:000000Z,16.15,1
2019-03-15T09:15:000000Z,13.97,1
2019-03-15T09:30:000000Z,4.99,1
2019-03-15T09:45:000000Z,7.99,1
2019-03-15T10:00:000000Z,9.99,1
2019-03-15T10:15:000000Z,4.99,1
2019-03-15T10:30:000000Z,28.98,1
2019-03-15T10:45:000000Z,12.98,1
2019-03-15T11:00:000000Z,5.98,1
2019-03-15T11:15:000000Z,3.98,1
2019-03-15T11:30:000000Z,19.97,1
2019-03-15T11:45:000000Z,29.99,1
2019-03-15T12:00:000000Z,6.99,1
2019-03-15T12:15:000000Z,42.96,2
2019-03-15T12:30:000000Z,131.95,10
2019-03-15T12:45:000000Z,66.08,7
2019-03-15T13:00:000000Z,141.45,9
2019-03-15T13:15:000000Z,139.39,11
2019-03-15T13:30:000000Z,134.47,10
2019-03-15T13:45:000000Z,42.93,7
2019-03-15T14:00:000000Z,104.88,6
2019-03-15T14:15:000000Z,73.29,9
2019-03-15T14:30:000000Z,91.61,8
2019-03-15T14:45:000000Z,144.88,8
2019-03-15T15:00:000000Z,103.91,6
2019-03-15T15:15:000000Z,166.05,8
2019-03-15T15:30:000000Z,107.83,10
2019-03-15T15:45:000000Z,195.76,11
2019-03-15T16:00:000000Z,243.95,16
2019-03-15T16:15:000000Z,40.91,7
2019-03-15T16:30:000000Z,90.13,8
2019-03-15T16:45:000000Z,57.32,6
2019-03-15T17:00:000000Z,63.10,7
2019-03-15T17:15:000000Z,151.01,14
2019-03-15T17:30:000000Z,156.03,10
2019-03-15T17:45:000000Z,69.69,7
2019-03-15T18:00:000000Z,77.86,8
2019-03-15T18:15:000000Z,134.14,15
2019-03-15T18:30:000000Z,17.95,1
2019-03-15T18:45:000000Z,70.05,6
2019-03-15T19:00:000000Z,46.92,4
2019-03-15T19:15:000000Z,41.94,5
2019-03-15T19:30:000000Z,15.96,3
2019-03-15T19:45:000000Z,101.37,7
2019-03-15T20:00:000000Z,37.41,7
2019-03-15T20:15:000000Z,94.03,7
2019-03-15T20:30:000000Z,68.90,3
2019-03-15T20:45:000000Z,38.93,2
2019-03-15T21:00:000000Z,19.98,1
2019-03-15T21:15:000000Z,9.99,1
2019-03-15T21:30:000000Z,4.99,1
2019-03-15T21:45:000000Z,9.99,1
2019-03-15T22:00:000000Z,4.99,1
2019-03-15T22:15:000000Z,12.99,1
2019-03-15T22:30:000000Z,3.99,1
2019-03-15T22:45:000000Z,9.98,1
2019-03-15T23:00:000000Z,8.08,1
2019-03-15T23:15:000000Z,9.99,1
2019-03-15T23:30:000000Z,4.99,1
2019-03-15T23:45:000000Z,24.95,1
2019-03-16T00:00:000000Z,9.99,1
2019-03-16T00:15:000000Z,7.98,1
2019-03-16T00:30:000000Z,4.99,1
2019-03-16T00:45:000000Z,6.49,1
2019-03-16T01:00:000000Z,7.99,1
2019-03-16T01:15:000000Z,1.99,1
2019-03-16T01:30:000000Z,5.98,1
2019-03-16T01:45:000000Z,3.99,1
2019-03-16T02:00:000000Z,8.00,1
2019-03-16T02:15:000000Z,4.99,1
2019-03-16T02:30:000000Z,14.98,1
2019-03-16T02:45:000000Z,4.99,1
2019-03-16T03:00:000000Z,10.98,1
2019-03-16T03:15:000000Z,19.95,1
2019-03-16T03:30:000000Z,1.99,1
2019-03-16T03:45:000000Z,1.99,1
2019-03-16T04:00:000000Z,1.99,1
2019-03-16T04:15:000000Z,1.99,1
2019-03-16T04:30:000000Z,-3.98,1
2019-03-16T04:45:000000Z,5.98,1
2019-03-16T05:00:000000Z,4.99,1
2019-03-16T05:15:000000Z,4.99,1
2019-03-16T05:30:000000Z,4.99,1
2019-03-16T05:45:000000Z,53.94,1
2019-03-16T06:00:000000Z,55.95,1
2019-03-16T06:15:000000Z,7.98,1
2019-03-16T06:30:000000Z,16.18,1
2019-03-16T06:45:000000Z,7.98,1
2019-03-16T07:00:000000Z,14.99,1
2019-03-16T07:15:000000Z,3.99,1
2019-03-16T07:30:000000Z,7.99,1
2019-03-16T07:45:000000Z,7.99,1
2019-03-16T08:00:000000Z,32.95,1
2019-03-16T08:15:000000Z,8.98,1
2019-03-16T08:30:000000Z,3.99,1
2019-03-16T08:45:000000Z,38.15,1
2019-03-16T09:00:000000Z,25.17,1
2019-03-16T09:15:000000Z,2.99,1
2019-03-16T09:30:000000Z,6.99,1
2019-03-16T09:45:000000Z,4.99,1
2019-03-16T10:00:000000Z,3.99,1
2019-03-16T10:15:000000Z,7.99,1
2019-03-16T10:30:000000Z,7.98,1
2019-03-16T10:45:000000Z,10.57,1
2019-03-16T11:00:000000Z,162.13,1
2019-03-16T11:15:000000Z,35.95,3
2019-03-16T11:30:000000Z,175.32,10
2019-03-16T11:45:000000Z,139.60,13
2019-03-16T12:00:000000Z,80.35,9
2019-03-16T12:15:000000Z,171.33,14
2019-03-16T12:30:000000Z,199.26,12
2019-03-16T12:45:000000Z,198.41,10
2019-03-16T13:00:000000Z,431.93,23
2019-03-16T13:15:000000Z,268.57,16
2019-03-16T13:30:000000Z,184.05,17
2019-03-16T13:45:000000Z,222.91,12
2019-03-16T14:00:000000Z,303.32,17
2019-03-16T14:15:000000Z,186.03,11
2019-03-16T14:30:000000Z,208.25,13
2019-03-16T14:45:000000Z,303.86,21
2019-03-16T15:00:000000Z,255.07,13
2019-03-16T15:15:000000Z,358.56,21
2019-03-16T15:30:000000Z,174.91,14
2019-03-16T15:45:000000Z,159.44,14
2019-03-16T16:00:000000Z,215.94,9
2019-03-16T16:15:000000Z,178.00,18
2019-03-16T16:30:000000Z,168.55,14
2019-03-16T16:45:000000Z,111.61,12
2019-03-16T17:00:000000Z,260.29,13
2019-03-16T17:15:000000Z,170.54,17
2019-03-16T17:30:000000Z,163.21,11
2019-03-16T17:45:000000Z,119.53,9
2019-03-16T18:00:000000Z,142.97,17
2019-03-16T18:15:000000Z,89.14,9
2019-03-16T18:30:000000Z,85.68,7
2019-03-16T18:45:000000Z,179.88,8
2019-03-16T19:00:000000Z,65.72,5
2019-03-16T19:15:000000Z,37.06,2
2019-03-16T19:30:000000Z,108.08,7
2019-03-16T19:45:000000Z,22.95,4
2019-03-16T20:00:000000Z,115.28,7
2019-03-16T20:15:000000Z,33.97,3
2019-03-16T20:30:000000Z,97.87,9
2019-03-16T20:45:000000Z,83.90,1
2019-03-16T21:00:000000Z,22.17,1
2019-03-16T21:15:000000Z,6.99,1
2019-03-16T21:30:000000Z,14.98,1
2019-03-16T21:45:000000Z,43.97,1
2019-03-16T22:00:000000Z,47.16,1
2019-03-16T22:15:000000Z,4.99,1
2019-03-16T22:30:000000Z,11.98,1
2019-03-16T22:45:000000Z,3.99,1
2019-03-16T23:00:000000Z,7.99,1
2019-03-16T23:15:000000Z,11.98,1
2019-03-16T23:30:000000Z,14.97,1
2019-03-16T23:45:000000Z,13.29,1
2019-03-17T00:00:000000Z,9.97,1
2019-03-17T00:15:000000Z,5.00,1
2019-03-17T00:30:000000Z,7.99,1
2019-03-17T00:45:000000Z,25.17,1
2019-03-17T01:00:000000Z,9.98,1
2019-03-17T01:15:000000Z,4.99,1
2019-03-17T01:30:000000Z,33.26,1
2019-03-17T01:45:000000Z,8.99,1
2019-03-17T02:00:000000Z,19.98,1
2019-03-17T02:15:000000Z,3.99,1
2019-03-17T02:30:000000Z,9.99,1
2019-03-17T02:45:000000Z,21.98,1
2019-03-17T03:00:000000Z,12.98,1
2019-03-17T03:15:000000Z,8.19,1
2019-03-17T03:30:000000Z,7.18,1
2019-03-17T03:45:000000Z,21.15,1
2019-03-17T04:00:000000Z,9.98,1
2019-03-17T04:15:000000Z,9.98,1
2019-03-17T04:30:000000Z,32.25,1
2019-03-17T04:45:000000Z,4.99,1
2019-03-17T05:00:000000Z,21.16,1
2019-03-17T05:15:000000Z,39.99,1
2019-03-17T05:30:000000Z,7.99,1
2019-03-17T05:45:000000Z,44.48,1
2019-03-17T06:00:000000Z,6.99,1
2019-03-17T06:15:000000Z,4.99,1
2019-03-17T06:30:000000Z,10.18,1
2019-03-17T06:45:000000Z,3.99,1
2019-03-17T07:00:000000Z,14.99,1
2019-03-17T07:15:000000Z,18.17,1
2019-03-17T07:30:000000Z,7.98,1
2019-03-17T07:45:000000Z,6.98,1
2019-03-17T08:00:000000Z,47.24,1
2019-03-17T08:15:000000Z,8.98,1
2019-03-17T08:30:000000Z,77.94,1
2019-03-17T08:45:000000Z,16.99,1
2019-03-17T09:00:000000Z,8.99,1
2019-03-17T09:15:000000Z,17.28,1
2019-03-17T09:30:000000Z,14.99,1
2019-03-17T09:45:000000Z,19.96,1
2019-03-17T10:00:000000Z,3.99,1
2019-03-17T10:15:000000Z,4.99,1
2019-03-17T10:30:000000Z,32.98,1
2019-03-17T10:45:000000Z,9.98,1
2019-03-17T11:00:000000Z,31.15,1
2019-03-17T11:15:000000Z,14.96,1
2019-03-17T11:30:000000Z,8.97,1
2019-03-17T11:45:000000Z,142.37,7
2019-03-17T12:00:000000Z,375.68,16
2019-03-17T12:15:000000Z,156.00,11
2019-03-17T12:30:000000Z,260.97,16
2019-03-17T12:45:000000Z,170.54,11
2019-03-17T13:00:000000Z,191.68,17
2019-03-17T13:15:000000Z,181.09,15
2019-03-17T13:30:000000Z,137.92,11
2019-03-17T13:45:000000Z,222.33,16
2019-03-17T14:00:000000Z,265.24,14
2019-03-17T14:15:000000Z,507.84,26
2019-03-17T14:30:000000Z,171.00,20
2019-03-17T14:45:000000Z,229.49,19
2019-03-17T15:00:000000Z,212.14,18
2019-03-17T15:15:000000Z,212.57,12
2019-03-17T15:30:000000Z,343.98,23
2019-03-17T15:45:000000Z,183.41,15
2019-03-17T16:00:000000Z,359.03,17
2019-03-17T16:15:000000Z,256.28,20
2019-03-17T16:30:000000Z,119.83,13
2019-03-17T16:45:000000Z,193.06,12
2019-03-17T17:00:000000Z,248.85,18
2019-03-17T17:15:000000Z,142.96,12
2019-03-17T17:30:000000Z,242.98,15
2019-03-17T17:45:000000Z,148.79,6
2019-03-17T18:00:000000Z,235.77,18
2019-03-17T18:15:000000Z,101.07,5
2019-03-17T18:30:000000Z,139.20,12
2019-03-17T18:45:000000Z,7.99,1
2019-03-17T19:00:000000Z,17.99,1
2019-03-17T19:15:000000Z,9.47,1
2019-03-17T19:30:000000Z,17.98,1
2019-03-17T19:45:000000Z,5.98,1
2019-03-17T20:00:000000Z,28.96,1
2019-03-17T20:15:000000Z,9.98,1
2019-03-17T20:30:000000Z,4.99,1
2019-03-17T20:45:000000Z,12.99,1
2019-03-17T21:00:000000Z,4.99,1
2019-03-17T21:15:000000Z,1.99,1
2019-03-17T21:30:000000Z,9.99,1
2019-03-17T21:45:000000Z,21.95,1
2019-03-17T22:00:000000Z,14.99,1
2019-03-17T22:15:000000Z,11.98,1
2019-03-17T22:30:000000Z,7.98,1
2019-03-17T22:45:000000Z,19.98,1
2019-03-17T23:00:000000Z,17.17,1
2019-03-17T23:15:000000Z,10.98,1
2019-03-17T23:30:000000Z,9.98,1
2019-03-17T23:45:000000Z,15.98,1
2019-03-18T00:00:000000Z,5.98,1
2019-03-18T00:15:000000Z,9.99,1
2019-03-18T00:30:000000Z,39.98,1
2019-03-18T00:45:000000Z,17.97,1
2019-03-18T01:00:000000Z,6.99,1
2019-03-18T01:15:000000Z,20.66,1
2019-03-18T01:30:000000Z,5.98,1
2019-03-18T01:45:000000Z,7.18,1
2019-03-18T02:00:000000Z,18.97,1
2019-03-18T02:15:000000Z,26.28,1
2019-03-18T02:30:000000Z,2.99,1
2019-03-18T02:45:000000Z,6.00,1
2019-03-18T03:00:000000Z,32.42,1
2019-03-18T03:15:000000Z,3.99,1
2019-03-18T03:30:000000Z,31.25,1
2019-03-18T03:45:000000Z,4.99,1
2019-03-18T04:00:000000Z,4.99,1
2019-03-18T04:15:000000Z,17.99,1
2019-03-18T04:30:000000Z,29.97,1
2019-03-18T04:45:000000Z,24.96,1
2019-03-18T05:00:000000Z,7.98,1
2019-03-18T05:15:000000Z,12.97,1
2019-03-18T05:30:000000Z,7.99,1
2019-03-18T05:45:000000Z,17.99,1
2019-03-18T06:00:000000Z,5.99,1
2019-03-18T06:15:000000Z,4.99,1
2019-03-18T06:30:000000Z,2.99,1
2019-03-18T06:45:000000Z,9.99,1
2019-03-18T07:00:000000Z,3.99,1
2019-03-18T07:15:000000Z,17.97,1
2019-03-18T07:30:000000Z,7.99,1
2019-03-18T07:45:000000Z,46.17,1
2019-03-18T08:00:000000Z,5.00,1
2019-03-18T08:15:000000Z,12.99,1
2019-03-18T08:30:000000Z,6.98,1
2019-03-18T08:45:000000Z,3.99,1
2019-03-18T09:00:000000Z,9.99,1
2019-03-18T09:15:000000Z,4.99,1
2019-03-18T09:30:000000Z,7.25,1
2019-03-18T09:45:000000Z,2.99,1
2019-03-18T10:00:000000Z,11.98,1
2019-03-18T10:15:000000Z,3.99,1
2019-03-18T10:30:000000Z,4.99,1
2019-03-18T10:45:000000Z,9.98,1
2019-03-18T11:00:000000Z,13.97,1
2019-03-18T11:15:000000Z,4.99,1
2019-03-18T11:30:000000Z,8.98,1
2019-03-18T11:45:000000Z,14.99,1
2019-03-18T12:00:000000Z,1.99,1
2019-03-18T12:15:000000Z,4.99,1
2019-03-18T12:30:000000Z,12.98,1
2019-03-18T12:45:000000Z,6.98,1
2019-03-18T13:00:000000Z,24.96,1
2019-03-18T13:15:000000Z,67.91,5
2019-03-18T13:30:000000Z,287.59,17
2019-03-18T13:45:000000Z,119.82,12
2019-03-18T14:00:000000Z,51.14,4
2019-03-18T14:15:000000Z,109.91,9
2019-03-18T14:30:000000Z,122.78,11
2019-03-18T14:45:000000Z,118.22,8
2019-03-18T15:00:000000Z,122.31,11
2019-03-18T15:15:000000Z,130.49,7
2019-03-18T15:30:000000Z,132.15,8
2019-03-18T15:45:000000Z,121.93,9
2019-03-18T16:00:000000Z,167.90,15
2019-03-18T16:15:000000Z,279.93,15
2019-03-18T16:30:000000Z,137.99,8
2019-03-18T16:45:000000Z,61.79,5
2019-03-18T17:00:000000Z,52.88,7
2019-03-18T17:15:000000Z,98.33,8
2019-03-18T17:30:000000Z,50.11,5
2019-03-18T17:45:000000Z,94.47,9
2019-03-18T18:00:000000Z,53.21,7
2019-03-18T18:15:000000Z,37.96,5
2019-03-18T18:30:000000Z,65.09,5
2019-03-18T18:45:000000Z,76.62,5
2019-03-18T19:00:000000Z,14.99,1
2019-03-18T19:15:000000Z,7.50,1
2019-03-18T19:30:000000Z,3.99,1
2019-03-18T19:45:000000Z,7.99,1
2019-03-18T20:00:000000Z,2.99,1
2019-03-18T20:15:000000Z,4.99,1
2019-03-18T20:30:000000Z,14.99,1
2019-03-18T20:45:000000Z,3.99,1
2019-03-18T21:00:000000Z,46.94,1
2019-03-18T21:15:000000Z,3.99,1
2019-03-18T21:30:000000Z,15.19,1
2019-03-18T21:45:000000Z,14.97,1
2019-03-18T22:00:000000Z,4.99,1
2019-03-18T22:15:000000Z,32.93,1
2019-03-18T22:30:000000Z,3.99,1
2019-03-18T22:45:000000Z,4.99,1
2019-03-18T23:00:000000Z,9.98,1
2019-03-18T23:15:000000Z,20.97,1
2019-03-18T23:30:000000Z,4.98,1
2019-03-18T23:45:000000Z,5.50,1
2019-03-19T00:00:000000Z,9.99,1
2019-03-19T00:15:000000Z,21.96,1
2019-03-19T00:30:000000Z,1.99,1
2019-03-19T00:45:000000Z,8.98,1
2019-03-19T01:00:000000Z,14.99,1
2019-03-19T01:15:000000Z,20.98,1
2019-03-19T01:30:000000Z,27.95,1
2019-03-19T01:45:000000Z,8.98,1
2019-03-19T02:00:000000Z,13.96,1
2019-03-19T02:15:000000Z,11.98,1
2019-03-19T02:30:000000Z,12.98,1
2019-03-19T02:45:000000Z,24.16,1
2019-03-19T03:00:000000Z,19.99,1
2019-03-19T03:15:000000Z,30.18,1
2019-03-19T03:30:000000Z,3.98,1
2019-03-19T03:45:000000Z,29.95,1
2019-03-19T04:00:000000Z,2.99,1
2019-03-19T04:15:000000Z,12.99,1
2019-03-19T04:30:000000Z,5.99,1
2019-03-19T04:45:000000Z,3.99,1
2019-03-19T05:00:000000Z,12.99,1
2019-03-19T05:15:000000Z,12.99,1
2019-03-19T05:30:000000Z,4.99,1
2019-03-19T05:45:000000Z,16.48,1
2019-03-19T06:00:000000Z,7.99,1
2019-03-19T06:15:000000Z,6.99,1
2019-03-19T06:30:000000Z,3.99,1
2019-03-19T06:45:000000Z,5.00,1
2019-03-19T07:00:000000Z,10.98,1
2019-03-19T07:15:000000Z,1.99,1
2019-03-19T07:30:000000Z,15.98,1
2019-03-19T07:45:000000Z,4.99,1
2019-03-19T08:00:000000Z,37.91,1
2019-03-19T08:15:000000Z,5.98,1
2019-03-19T08:30:000000Z,7.99,1
2019-03-19T08:45:000000Z,12.97,1
2019-03-19T09:00:000000Z,4.98,1
2019-03-19T09:15:000000Z,12.98,1
2019-03-19T09:30:000000Z,34.99,1
2019-03-19T09:45:000000Z,2.99,1
2019-03-19T10:00:000000Z,3.99,1
2019-03-19T10:15:000000Z,3.98,1
2019-03-19T10:30:000000Z,24.94,1
2019-03-19T10:45:000000Z,4.99,1
2019-03-19T11:00:000000Z,11.07,1
2019-03-19T11:15:000000Z,17.97,1
2019-03-19T11:30:000000Z,44.95,1
2019-03-19T11:45:000000Z,14.97,1
2019-03-19T12:00:000000Z,4.99,1
2019-03-19T12:15:000000Z,-4.99,1
2019-03-19T12:30:000000Z,35.96,4
2019-03-19T12:45:000000Z,90.36,5
2019-03-19T13:00:000000Z,85.88,9
2019-03-19T13:15:000000Z,92.88,8
2019-03-19T13:30:000000Z,186.29,10
2019-03-19T13:45:000000Z,133.32,8
2019-03-19T14:00:000000Z,9.99,1
2019-03-19T14:15:000000Z,130.84,8
2019-03-19T14:30:000000Z,48.44,9
2019-03-19T14:45:000000Z,109.22,9
2019-03-19T15:00:000000Z,95.30,7
2019-03-19T15:15:000000Z,88.88,6
2019-03-19T15:30:000000Z,26.95,4
2019-03-19T15:45:000000Z,91.35,9
2019-03-19T16:00:000000Z,81.33,8
2019-03-19T16:15:000000Z,180.11,11
2019-03-19T16:30:000000Z,42.06,5
2019-03-19T16:45:000000Z,84.89,7
2019-03-19T17:00:000000Z,146.75,12
2019-03-19T17:15:000000Z,61.19,5
2019-03-19T17:30:000000Z,64.95,6
2019-03-19T17:45:000000Z,54.99,8
2019-03-19T18:00:000000Z,3.99,1
2019-03-19T18:15:000000Z,48.92,5
2019-03-19T18:30:000000Z,34.93,4
2019-03-19T18:45:000000Z,66.06,8
2019-03-19T19:00:000000Z,46.99,2
2019-03-19T19:15:000000Z,4.99,1
2019-03-19T19:30:000000Z,6.99,1
2019-03-19T19:45:000000Z,6.98,1
2019-03-19T20:00:000000Z,4.99,1
2019-03-19T20:15:000000Z,33.13,1
2019-03-19T20:30:000000Z,7.98,1
2019-03-19T20:45:000000Z,4.99,1
2019-03-19T21:00:000000Z,6.99,1
2019-03-19T21:15:000000Z,29.97,1
2019-03-19T21:30:000000Z,41.97,1
2019-03-19T21:45:000000Z,3.98,1
2019-03-19T22:00:000000Z,8.98,1
2019-03-19T22:15:000000Z,14.68,1
2019-03-19T22:30:000000Z,15.18,1
2019-03-19T22:45:000000Z,28.17,1
2019-03-19T23:00:000000Z,26.25,1
2019-03-19T23:15:000000Z,4.99,1
2019-03-19T23:30:000000Z,7.19,1
2019-03-19T23:45:000000Z,1.99,1
2019-03-20T00:00:000000Z,7.98,1
2019-03-20T00:15:000000Z,8.98,1
2019-03-20T00:30:000000Z,5.98,1
2019-03-20T00:45:000000Z,8.49,1
2019-03-20T01:00:000000Z,22.98,1
2019-03-20T01:15:000000Z,19.98,1
2019-03-20T01:30:000000Z,8.97,1
2019-03-20T01:45:000000Z,1.00,1
2019-03-20T02:00:000000Z,20.15,1
2019-03-20T02:15:000000Z,10.19,1
2019-03-20T02:30:000000Z,50.94,1
2019-03-20T02:45:000000Z,27.17,1
2019-03-20T03:00:000000Z,20.18,1
2019-03-20T03:15:000000Z,6.98,1
2019-03-20T03:30:000000Z,6.98,1
2019-03-20T03:45:000000Z,4.00,1
2019-03-20T04:00:000000Z,7.99,1
2019-03-20T04:15:000000Z,7.99,1
2019-03-20T04:30:000000Z,20.18,1
2019-03-20T04:45:000000Z,29.97,1
2019-03-20T05:00:000000Z,41.95,1
2019-03-20T05:15:000000Z,13.18,1
2019-03-20T05:30:000000Z,5.69,1
2019-03-20T05:45:000000Z,7.99,1
2019-03-20T06:00:000000Z,13.19,1
2019-03-20T06:15:000000Z,8.08,1
2019-03-20T06:30:000000Z,17.95,1
2019-03-20T06:45:000000Z,6.97,1
2019-03-20T07:00:000000Z,5.20,1
2019-03-20T07:15:000000Z,3.99,1
2019-03-20T07:30:000000Z,2.00,1
2019-03-20T07:45:000000Z,19.22,1
2019-03-20T08:00:000000Z,9.99,1
2019-03-20T08:15:000000Z,3.99,1
2019-03-20T08:30:000000Z,7.98,1
2019-03-20T08:45:000000Z,2.99,1
2019-03-20T09:00:000000Z,9.98,1
2019-03-20T09:15:000000Z,16.17,1
2019-03-20T09:30:000000Z,18.97,1
2019-03-20T09:45:000000Z,39.25,1
2019-03-20T10:00:000000Z,7.98,1
2019-03-20T10:15:000000Z,9.98,1
2019-03-20T10:30:000000Z,14.98,1
2019-03-20T10:45:000000Z,23.17,1
2019-03-20T11:00:000000Z,16.96,1
2019-03-20T11:15:000000Z,4.99,1
2019-03-20T11:30:000000Z,19.28,1
2019-03-20T11:45:000000Z,-13.98,1
2019-03-20T12:00:000000Z,7.99,1
2019-03-20T12:15:000000Z,19.16,1
2019-03-20T12:30:000000Z,3.98,1
2019-03-20T12:45:000000Z,24.99,1
2019-03-20T13:00:000000Z,5.19,1
2019-03-20T13:15:000000Z,87.08,5
2019-03-20T13:30:000000Z,154.46,13
2019-03-20T13:45:000000Z,110.85,10
2019-03-20T14:00:000000Z,86.96,6
2019-03-20T14:15:000000Z,116.03,9
2019-03-20T14:30:000000Z,92.01,6
2019-03-20T14:45:000000Z,18.97,2
2019-03-20T15:00:000000Z,49.12,5
2019-03-20T15:15:000000Z,41.90,6
2019-03-20T15:30:000000Z,111.35,7
2019-03-20T15:45:000000Z,103.60,8
2019-03-20T16:00:000000Z,26.16,3
2019-03-20T16:15:000000Z,48.89,5
2019-03-20T16:30:000000Z,23.93,5
2019-03-20T16:45:000000Z,148.48,5
2019-03-20T17:00:000000Z,41.92,5
2019-03-20T17:15:000000Z,109.96,7
2019-03-20T17:30:000000Z,95.15,9
2019-03-20T17:45:000000Z,143.70,10
2019-03-20T18:00:000000Z,102.14,5
2019-03-20T18:15:000000Z,196.24,13
2019-03-20T18:30:000000Z,60.69,6
2019-03-20T18:45:000000Z,222.97,6
2019-03-20T19:00:000000Z,13.97,2
2019-03-20T19:15:000000Z,18.96,1
2019-03-20T19:30:000000Z,7.98,1
2019-03-20T19:45:000000Z,14.99,1
2019-03-20T20:00:000000Z,10.97,1
2019-03-20T20:15:000000Z,9.98,1
2019-03-20T20:30:000000Z,3.99,1
2019-03-20T20:45:000000Z,7.99,1
2019-03-20T21:00:000000Z,3.99,1
2019-03-20T21:15:000000Z,14.98,1
2019-03-20T21:30:000000Z,74.22,1
2019-03-20T21:45:000000Z,2.99,1
2019-03-20T22:00:000000Z,12.99,1
2019-03-20T22:15:000000Z,13.17,1
2019-03-20T22:30:000000Z,5.98,1
2019-03-20T22:45:000000Z,2.99,1
2019-03-20T23:00:000000Z,13.96,1
2019-03-20T23:15:000000Z,3.99,1
2019-03-20T23:30:000000Z,4.99,1
2019-03-20T23:45:000000Z,4.99,1
2019-03-21T00:00:000000Z,7.98,1
2019-03-21T00:15:000000Z,26.94,1
2019-03-21T00:30:000000Z,6.99,1
2019-03-21T00:45:000000Z,12.97,1
2019-03-21T01:00:000000Z,24.95,1
2019-03-21T01:15:000000Z,13.96,1
2019-03-21T01:30:000000Z,12.96,1
2019-03-21T01:45:000000Z,29.95,1
2019-03-21T02:00:000000Z,26.26,1
2019-03-21T02:15:000000Z,7.28,1
2019-03-21T02:30:000000Z,3.99,1
2019-03-21T02:45:000000Z,6.99,1
2019-03-21T03:00:000000Z,7.99,1
2019-03-21T03:15:000000Z,39.27,1
2019-03-21T03:30:000000Z,37.96,1
2019-03-21T03:45:000000Z,6.98,1
2019-03-21T04:00:000000Z,4.99,1
2019-03-21T04:15:000000Z,6.99,1
2019-03-21T04:30:000000Z,33.27,1
2019-03-21T04:45:000000Z,19.94,1
2019-03-21T05:00:000000Z,5.98,1
2019-03-21T05:15:000000Z,19.98,1
2019-03-21T05:30:000000Z,1.99,1
2019-03-21T05:45:000000Z,12.99,1
2019-03-21T06:00:000000Z,4.99,1
2019-03-21T06:15:000000Z,4.99,1
2019-03-21T06:30:000000Z,15.98,1
2019-03-21T06:45:000000Z,8.98,1
2019-03-21T07:00:000000Z,183.84,1
2019-03-21T07:15:000000Z,39.15,1
2019-03-21T07:30:000000Z,7.99,1
2019-03-21T07:45:000000Z,14.99,1
2019-03-21T08:00:000000Z,38.24,1
2019-03-21T08:15:000000Z,9.99,1
2019-03-21T08:30:000000Z,14.18,1
2019-03-21T08:45:000000Z,7.98,1
2019-03-21T09:00:000000Z,10.97,1
2019-03-21T09:15:000000Z,4.99,1
2019-03-21T09:30:000000Z,19.98,1
2019-03-21T09:45:000000Z,4.99,1
2019-03-21T10:00:000000Z,3.99,1
2019-03-21T10:15:000000Z,8.08,1
2019-03-21T10:30:000000Z,17.95,1
2019-03-21T10:45:000000Z,2.99,1
2019-03-21T11:00:000000Z,7.99,1
2019-03-21T11:15:000000Z,14.97,1
2019-03-21T11:30:000000Z,2.99,1
2019-03-21T11:45:000000Z,20.26,1
2019-03-21T12:00:000000Z,5.98,1
2019-03-21T12:15:000000Z,6.99,1
2019-03-21T12:30:000000Z,6.98,1
2019-03-21T12:45:000000Z,9.99,1
2019-03-21T13:00:000000Z,63.10,5
2019-03-21T13:15:000000Z,97.26,7
2019-03-21T13:30:000000Z,122.80,7
2019-03-21T13:45:000000Z,146.10,10
2019-03-21T14:00:000000Z,77.12,5
2019-03-21T14:15:000000Z,57.11,5
2019-03-21T14:30:000000Z,113.65,6
2019-03-21T14:45:000000Z,92.26,8
2019-03-21T15:00:000000Z,98.71,7
2019-03-21T15:15:000000Z,104.26,8
2019-03-21T15:30:000000Z,34.21,4
2019-03-21T15:45:000000Z,80.07,5
2019-03-21T16:00:000000Z,110.56,8
2019-03-21T16:15:000000Z,78.77,9
2019-03-21T16:30:000000Z,245.72,15
2019-03-21T16:45:000000Z,148.16,11
2019-03-21T17:00:000000Z,97.81,9
2019-03-21T17:15:000000Z,191.15,13
2019-03-21T17:30:000000Z,131.68,9
2019-03-21T17:45:000000Z,165.95,14
2019-03-21T18:00:000000Z,119.32,10
2019-03-21T18:15:000000Z,257.91,14
2019-03-21T18:30:000000Z,146.76,10
2019-03-21T18:45:000000Z,202.00,13
2019-03-21T19:00:000000Z,133.12,10
2019-03-21T19:15:000000Z,297.99,14
2019-03-21T19:30:000000Z,186.62,11
2019-03-21T19:45:000000Z,170.23,12
2019-03-21T20:00:000000Z,153.24,10
2019-03-21T20:15:000000Z,205.90,11
2019-03-21T20:30:000000Z,110.05,7
2019-03-21T20:45:000000Z,146.76,11
2019-03-21T21:00:000000Z,3.99,1
2019-03-21T21:15:000000Z,4.99,1
2019-03-21T21:30:000000Z,7.99,1
2019-03-21T21:45:000000Z,9.99,1
2019-03-21T22:00:000000Z,3.99,1
2019-03-21T22:15:000000Z,4.99,1
2019-03-21T22:30:000000Z,6.98,1
2019-03-21T22:45:000000Z,4.99,1
2019-03-21T23:00:000000Z,6.99,1
2019-03-21T23:15:000000Z,42.97,1
2019-03-21T23:30:000000Z,3.99,1
2019-03-21T23:45:000000Z,13.98,1
2019-03-22T00:00:000000Z,20.97,1
2019-03-22T00:15:000000Z,24.94,1
2019-03-22T00:30:000000Z,4.99,1
2019-03-22T00:45:000000Z,9.99,1
2019-03-22T01:00:000000Z,-29.98,1
2019-03-22T01:15:000000Z,30.26,1
2019-03-22T01:30:000000Z,3.99,1
2019-03-22T01:45:000000Z,5.98,1
2019-03-22T02:00:000000Z,37.93,1
2019-03-22T02:15:000000Z,14.99,1
2019-03-22T02:30:000000Z,8.47,1
2019-03-22T02:45:000000Z,13.08,1
2019-03-22T03:00:000000Z,1.49,1
2019-03-22T03:15:000000Z,3.99,1
2019-03-22T03:30:000000Z,42.26,1
2019-03-22T03:45:000000Z,35.93,1
2019-03-22T04:00:000000Z,19.96,1
2019-03-22T04:15:000000Z,2.99,1
2019-03-22T04:30:000000Z,10.19,1
2019-03-22T04:45:000000Z,4.99,1
2019-03-22T05:00:000000Z,-23.97,1
2019-03-22T05:15:000000Z,30.97,1
2019-03-22T05:30:000000Z,12.98,1
2019-03-22T05:45:000000Z,15.97,1
2019-03-22T06:00:000000Z,4.99,1
2019-03-22T06:15:000000Z,4.99,1
2019-03-22T06:30:000000Z,37.96,1
2019-03-22T06:45:000000Z,38.15,1
2019-03-22T07:00:000000Z,14.97,1
2019-03-22T07:15:000000Z,24.27,1
2019-03-22T07:30:000000Z,6.98,1
2019-03-22T07:45:000000Z,5.98,1
2019-03-22T08:00:000000Z,1.99,1
2019-03-22T08:15:000000Z,12.98,1
2019-03-22T08:30:000000Z,27.93,1
2019-03-22T08:45:000000Z,5.00,1
2019-03-22T09:00:000000Z,60.97,1
2019-03-22T09:15:000000Z,13.98,1
2019-03-22T09:30:000000Z,13.98,1
2019-03-22T09:45:000000Z,7.99,1
2019-03-22T10:00:000000Z,13.98,1
2019-03-22T10:15:000000Z,3.99,1
2019-03-22T10:30:000000Z,3.99,1
2019-03-22T10:45:000000Z,16.95,1
2019-03-22T11:00:000000Z,7.19,1
2019-03-22T11:15:000000Z,8.99,1
2019-03-22T11:30:000000Z,12.99,1
2019-03-22T11:45:000000Z,6.99,1
2019-03-22T12:00:000000Z,6.98,1
2019-03-22T12:15:000000Z,1.00,1
2019-03-22T12:30:000000Z,6.00,1
2019-03-22T12:45:000000Z,28.94,1
2019-03-22T13:00:000000Z,45.90,5
2019-03-22T13:15:000000Z,208.37,14
2019-03-22T13:30:000000Z,148.84,8
2019-03-22T13:45:000000Z,28.46,3
2019-03-22T14:00:000000Z,102.17,8
2019-03-22T14:15:000000Z,74.30,8
2019-03-22T14:30:000000Z,183.94,8
2019-03-22T14:45:000000Z,92.36,8
2019-03-22T15:00:000000Z,49.86,4
2019-03-22T15:15:000000Z,64.20,9
2019-03-22T15:30:000000Z,157.67,9
2019-03-22T15:45:000000Z,61.29,6
2019-03-22T16:00:000000Z,124.82,9
2019-03-22T16:15:000000Z,133.62,12
2019-03-22T16:30:000000Z,141.04,12
2019-03-22T16:45:000000Z,92.16,9
2019-03-22T17:00:000000Z,112.29,9
2019-03-22T17:15:000000Z,118.98,9
2019-03-22T17:30:000000Z,111.28,12
2019-03-22T17:45:000000Z,134.91,10
2019-03-22T18:00:000000Z,133.78,12
2019-03-22T18:15:000000Z,245.19,13
2019-03-22T18:30:000000Z,105.48,7
2019-03-22T18:45:000000Z,176.49,11
2019-03-22T19:00:000000Z,51.54,5
2019-03-22T19:15:000000Z,158.23,7
2019-03-22T19:30:000000Z,162.77,7
2019-03-22T19:45:000000Z,70.87,8
2019-03-22T20:00:000000Z,61.65,3
2019-03-22T20:15:000000Z,98.87,7
2019-03-22T20:30:000000Z,105.99,7
2019-03-22T20:45:000000Z,23.98,1
2019-03-22T21:00:000000Z,9.98,1
2019-03-22T21:15:000000Z,13.98,1
2019-03-22T21:30:000000Z,7.99,1
2019-03-22T21:45:000000Z,25.98,1
2019-03-22T22:00:000000Z,7.99,1
2019-03-22T22:15:000000Z,6.99,1
2019-03-22T22:30:000000Z,2.99,1
2019-03-22T22:45:000000Z,13.98,1
2019-03-22T23:00:000000Z,4.99,1
2019-03-22T23:15:000000Z,9.17,1
2019-03-22T23:30:000000Z,17.99,1
2019-03-22T23:45:000000Z,24.99,1
2019-03-23T00:00:000000Z,2.99,1
2019-03-23T00:15:000000Z,44.26,1
2019-03-23T00:30:000000Z,1.00,1
2019-03-23T00:45:000000Z,20.07,1
2019-03-23T01:00:000000Z,5.98,1
2019-03-23T01:15:000000Z,2.99,1
2019-03-23T01:30:000000Z,7.99,1
2019-03-23T01:45:000000Z,8.98,1
2019-03-23T02:00:000000Z,15.97,1
2019-03-23T02:15:000000Z,9.99,1
2019-03-23T02:30:000000Z,12.99,1
2019-03-23T02:45:000000Z,7.99,1
2019-03-23T03:00:000000Z,20.96,1
2019-03-23T03:15:000000Z,9.99,1
2019-03-23T03:30:000000Z,18.96,1
2019-03-23T03:45:000000Z,3.98,1
2019-03-23T04:00:000000Z,15.29,1
2019-03-23T04:15:000000Z,16.07,1
2019-03-23T04:30:000000Z,29.94,1
2019-03-23T04:45:000000Z,12.17,1
2019-03-23T05:00:000000Z,5.99,1
2019-03-23T05:15:000000Z,2.99,1
2019-03-23T05:30:000000Z,5.97,1
2019-03-23T05:45:000000Z,8.97,1
2019-03-23T06:00:000000Z,21.27,1
2019-03-23T06:15:000000Z,9.44,1
2019-03-23T06:30:000000Z,3.99,1
2019-03-23T06:45:000000Z,10.98,1
2019-03-23T07:00:000000Z,7.98,1
2019-03-23T07:15:000000Z,17.99,1
2019-03-23T07:30:000000Z,11.98,1
2019-03-23T07:45:000000Z,5.49,1
2019-03-23T08:00:000000Z,36.13,1
2019-03-23T08:15:000000Z,11.98,1
2019-03-23T08:30:000000Z,11.97,1
2019-03-23T08:45:000000Z,23.96,1
2019-03-23T09:00:000000Z,4.99,1
2019-03-23T09:15:000000Z,3.99,1
2019-03-23T09:30:000000Z,6.99,1
2019-03-23T09:45:000000Z,6.98,1
2019-03-23T10:00:000000Z,12.18,1
2019-03-23T10:15:000000Z,9.99,1
2019-03-23T10:30:000000Z,48.96,1
2019-03-23T10:45:000000Z,8.28,1
2019-03-23T11:00:000000Z,9.98,1
2019-03-23T11:15:000000Z,1.99,1
2019-03-23T11:30:000000Z,16.95,1
2019-03-23T11:45:000000Z,78.34,7
2019-03-23T12:00:000000Z,129.31,10
2019-03-23T12:15:000000Z,114.81,7
2019-03-23T12:30:000000Z,339.19,24
2019-03-23T12:45:000000Z,112.78,8
2019-03-23T13:00:000000Z,224.83,13
2019-03-23T13:15:000000Z,171.26,15
2019-03-23T13:30:000000Z,308.67,14
2019-03-23T13:45:000000Z,161.15,9
2019-03-23T14:00:000000Z,136.94,10
2019-03-23T14:15:000000Z,210.90,13
2019-03-23T14:30:000000Z,76.09,5
2019-03-23T14:45:000000Z,338.11,15
2019-03-23T15:00:000000Z,252.78,16
2019-03-23T15:15:000000Z,242.82,17
2019-03-23T15:30:000000Z,317.36,13
2019-03-23T15:45:000000Z,234.93,18
2019-03-23T16:00:000000Z,305.13,20
2019-03-23T16:15:000000Z,321.70,16
2019-03-23T16:30:000000Z,138.78,12
2019-03-23T16:45:000000Z,225.50,13
2019-03-23T17:00:000000Z,113.83,7
2019-03-23T17:15:000000Z,213.45,14
2019-03-23T17:30:000000Z,154.06,11
2019-03-23T17:45:000000Z,107.04,10
2019-03-23T18:00:000000Z,193.16,13
2019-03-23T18:15:000000Z,122.19,9
2019-03-23T18:30:000000Z,206.18,12
2019-03-23T18:45:000000Z,47.24,2
2019-03-23T19:00:000000Z,32.96,5
2019-03-23T19:15:000000Z,152.18,4
2019-03-23T19:30:000000Z,10.97,2
2019-03-23T19:45:000000Z,49.90,6
2019-03-23T20:00:000000Z,42.95,4
2019-03-23T20:15:000000Z,29.94,5
2019-03-23T20:30:000000Z,89.04,8
2019-03-23T20:45:000000Z,4.99,1
2019-03-23T21:00:000000Z,10.08,1
2019-03-23T21:15:000000Z,3.99,1
2019-03-23T21:30:000000Z,10.98,1
2019-03-23T21:45:000000Z,23.27,1
2019-03-23T22:00:000000Z,15.95,1
2019-03-23T22:15:000000Z,3.99,1
2019-03-23T22:30:000000Z,48.28,1
2019-03-23T22:45:000000Z,4.99,1
2019-03-23T23:00:000000Z,14.99,1
2019-03-23T23:15:000000Z,12.99,1
2019-03-23T23:30:000000Z,4.99,1
2019-03-23T23:45:000000Z,23.94,1
2019-03-24T00:00:000000Z,15.17,1
2019-03-24T00:15:000000Z,23.05,1
2019-03-24T00:30:000000Z,20.28,1
2019-03-24T00:45:000000Z,27.99,1
2019-03-24T01:00:000000Z,15.98,1
2019-03-24T01:15:000000Z,4.19,1
2019-03-24T01:30:000000Z,10.98,1
2019-03-24T01:45:000000Z,7.99,1
2019-03-24T02:00:000000Z,4.99,1
2019-03-24T02:15:000000Z,-17.99,1
2019-03-24T02:30:000000Z,20.97,1
2019-03-24T02:45:000000Z,11.98,1
2019-03-24T03:00:000000Z,4.99,1
2019-03-24T03:15:000000Z,30.27,1
2019-03-24T03:30:000000Z,34.13,1
2019-03-24T03:45:000000Z,28.25,1
2019-03-24T04:00:000000Z,22.98,1
2019-03-24T04:15:000000Z,4.98,1
2019-03-24T04:30:000000Z,3.98,1
2019-03-24T04:45:000000Z,2.99,1
2019-03-24T05:00:000000Z,7.99,1
2019-03-24T05:15:000000Z,66.95,1
2019-03-24T05:30:000000Z,11.96,1
2019-03-24T05:45:000000Z,10.29,1
2019-03-24T06:00:000000Z,12.18,1
2019-03-24T06:15:000000Z,9.99,1
2019-03-24T06:30:000000Z,4.00,1
2019-03-24T06:45:000000Z,29.99,1
2019-03-24T07:00:000000Z,6.99,1
2019-03-24T07:15:000000Z,6.99,1
2019-03-24T07:30:000000Z,35.15,1
2019-03-24T07:45:000000Z,34.27,1
2019-03-24T08:00:000000Z,13.97,1
2019-03-24T08:15:000000Z,17.07,1
2019-03-24T08:30:000000Z,11.98,1
2019-03-24T08:45:000000Z,25.98,1
2019-03-24T09:00:000000Z,11.98,1
2019-03-24T09:15:000000Z,4.99,1
2019-03-24T09:30:000000Z,25.96,1
2019-03-24T09:45:000000Z,49.13,1
2019-03-24T10:00:000000Z,19.96,1
2019-03-24T10:15:000000Z,7.09,1
2019-03-24T10:30:000000Z,2.00,1
2019-03-24T10:45:000000Z,49.96,1
2019-03-24T11:00:000000Z,3.99,1
2019-03-24T11:15:000000Z,4.99,1
2019-03-24T11:30:000000Z,17.99,1
2019-03-24T11:45:000000Z,7.99,1
2019-03-24T12:00:000000Z,124.04,11
2019-03-24T12:15:000000Z,188.00,8
2019-03-24T12:30:000000Z,190.38,13
2019-03-24T12:45:000000Z,189.69,13
2019-03-24T13:00:000000Z,275.67,21
2019-03-24T13:15:000000Z,229.42,13
2019-03-24T13:30:000000Z,190.22,18
2019-03-24T13:45:000000Z,179.74,15
2019-03-24T14:00:000000Z,255.89,13
2019-03-24T14:15:000000Z,386.92,16
2019-03-24T14:30:000000Z,380.59,19
2019-03-24T14:45:000000Z,355.51,16
2019-03-24T15:00:000000Z,185.28,12
2019-03-24T15:15:000000Z,217.18,18
2019-03-24T15:30:000000Z,152.72,15
2019-03-24T15:45:000000Z,193.92,14
2019-03-24T16:00:000000Z,457.47,23
2019-03-24T16:15:000000Z,333.88,18
2019-03-24T16:30:000000Z,479.22,21
2019-03-24T16:45:000000Z,205.95,16
2019-03-24T17:00:000000Z,61.88,9
2019-03-24T17:15:000000Z,73.64,8
2019-03-24T17:30:000000Z,101.84,7
2019-03-24T17:45:000000Z,196.79,13
2019-03-24T18:00:000000Z,93.12,9
2019-03-24T18:15:000000Z,75.90,4
2019-03-24T18:30:000000Z,74.05,4
2019-03-24T18:45:000000Z,107.86,6
2019-03-24T19:00:000000Z,3.99,1
2019-03-24T19:15:000000Z,26.25,1
2019-03-24T19:30:000000Z,9.98,1
2019-03-24T19:45:000000Z,4.99,1
2019-03-24T20:00:000000Z,21.95,1
2019-03-24T20:15:000000Z,4.99,1
2019-03-24T20:30:000000Z,18.96,1
2019-03-24T20:45:000000Z,4.99,1
2019-03-24T21:00:000000Z,2.99,1
2019-03-24T21:15:000000Z,9.99,1
2019-03-24T21:30:000000Z,10.98,1
2019-03-24T21:45:000000Z,7.96,1
2019-03-24T22:00:000000Z,12.99,1
2019-03-24T22:15:000000Z,29.99,1
2019-03-24T22:30:000000Z,6.99,1
2019-03-24T22:45:000000Z,17.07,1
2019-03-24T23:00:000000Z,3.00,1
2019-03-24T23:15:000000Z,-2.99,1
2019-03-24T23:30:000000Z,3.00,1
2019-03-24T23:45:000000Z,15.27,1
2019-03-25T00:00:000000Z,25.29,1
2019-03-25T00:15:000000Z,14.99,1
2019-03-25T00:30:000000Z,21.17,1
2019-03-25T00:45:000000Z,19.99,1
2019-03-25T01:00:000000Z,10.00,1
2019-03-25T01:15:000000Z,4.99,1
2019-03-25T01:30:000000Z,4.99,1
2019-03-25T01:45:000000Z,3.00,1
2019-03-25T02:00:000000Z,29.17,1
2019-03-25T02:15:000000Z,9.98,1
2019-03-25T02:30:000000Z,14.18,1
2019-03-25T02:45:000000Z,14.18,1
2019-03-25T03:00:000000Z,3.99,1
2019-03-25T03:15:000000Z,20.18,1
2019-03-25T03:30:000000Z,3.99,1
2019-03-25T03:45:000000Z,13.98,1
2019-03-25T04:00:000000Z,37.25,1
2019-03-25T04:15:000000Z,3.99,1
2019-03-25T04:30:000000Z,13.97,1
2019-03-25T04:45:000000Z,14.99,1
2019-03-25T05:00:000000Z,25.98,1
2019-03-25T05:15:000000Z,12.99,1
2019-03-25T05:30:000000Z,14.07,1
2019-03-25T05:45:000000Z,6.98,1
2019-03-25T06:00:000000Z,12.99,1
2019-03-25T06:15:000000Z,30.96,1
2019-03-25T06:30:000000Z,8.99,1
2019-03-25T06:45:000000Z,4.99,1
2019-03-25T07:00:000000Z,29.98,1
2019-03-25T07:15:000000Z,8.09,1
2019-03-25T07:30:000000Z,14.99,1
2019-03-25T07:45:000000Z,1.00,1
2019-03-25T08:00:000000Z,7.99,1
2019-03-25T08:15:000000Z,7.98,1
2019-03-25T08:30:000000Z,2.99,1
2019-03-25T08:45:000000Z,7.97,1
2019-03-25T09:00:000000Z,3.98,1
2019-03-25T09:15:000000Z,3.99,1
2019-03-25T09:30:000000Z,29.99,1
2019-03-25T09:45:000000Z,17.99,1
2019-03-25T10:00:000000Z,13.00,1
2019-03-25T10:15:000000Z,12.99,1
2019-03-25T10:30:000000Z,13.97,1
2019-03-25T10:45:000000Z,5.98,1
2019-03-25T11:00:000000Z,22.95,1
2019-03-25T11:15:000000Z,6.98,1
2019-03-25T11:30:000000Z,4.99,1
2019-03-25T11:45:000000Z,6.99,1
2019-03-25T12:00:000000Z,14.99,1
2019-03-25T12:15:000000Z,66.14,1
2019-03-25T12:30:000000Z,4.99,1
2019-03-25T12:45:000000Z,19.98,1
2019-03-25T13:00:000000Z,4.99,1
2019-03-25T13:15:000000Z,143.79,12
2019-03-25T13:30:000000Z,72.57,7
2019-03-25T13:45:000000Z,73.20,4
2019-03-25T14:00:000000Z,97.28,8
2019-03-25T14:15:000000Z,73.87,8
2019-03-25T14:30:000000Z,119.12,6
2019-03-25T14:45:000000Z,44.09,4
2019-03-25T15:00:000000Z,36.23,4
2019-03-25T15:15:000000Z,119.29,7
2019-03-25T15:30:000000Z,52.89,4
2019-03-25T15:45:000000Z,110.33,6
2019-03-25T16:00:000000Z,70.90,7
2019-03-25T16:15:000000Z,164.82,9
2019-03-25T16:30:000000Z,214.17,15
2019-03-25T16:45:000000Z,137.45,7
2019-03-25T17:00:000000Z,36.90,5
2019-03-25T17:15:000000Z,139.88,11
2019-03-25T17:30:000000Z,46.16,6
2019-03-25T17:45:000000Z,151.70,12
2019-03-25T18:00:000000Z,18.46,3
2019-03-25T18:15:000000Z,107.34,9
2019-03-25T18:30:000000Z,106.11,6
2019-03-25T18:45:000000Z,51.44,6
2019-03-25T19:00:000000Z,3.99,1
2019-03-25T19:15:000000Z,56.18,1
2019-03-25T19:30:000000Z,4.18,1
2019-03-25T19:45:000000Z,3.99,1
2019-03-25T20:00:000000Z,9.99,1
2019-03-25T20:15:000000Z,38.17,1
2019-03-25T20:30:000000Z,2.99,1
2019-03-25T20:45:000000Z,3.99,1
2019-03-25T21:00:000000Z,6.98,1
2019-03-25T21:15:000000Z,79.63,1
2019-03-25T21:30:000000Z,1.00,1
2019-03-25T21:45:000000Z,1.00,1
2019-03-25T22:00:000000Z,5.49,1
2019-03-25T22:15:000000Z,-4.99,1
2019-03-25T22:30:000000Z,39.94,1
2019-03-25T22:45:000000Z,7.99,1
2019-03-25T23:00:000000Z,15.18,1
2019-03-25T23:15:000000Z,16.97,1
2019-03-25T23:30:000000Z,31.24,1
2019-03-25T23:45:000000Z,1.99,1
2019-03-26T00:00:000000Z,7.98,1
2019-03-26T00:15:000000Z,11.18,1
2019-03-26T00:30:000000Z,6.98,1
2019-03-26T00:45:000000Z,19.98,1
2019-03-26T01:00:000000Z,1.99,1
2019-03-26T01:15:000000Z,6.99,1
2019-03-26T01:30:000000Z,13.96,1
2019-03-26T01:45:000000Z,17.44,1
2019-03-26T02:00:000000Z,9.97,1
2019-03-26T02:15:000000Z,20.17,1
2019-03-26T02:30:000000Z,5.98,1
2019-03-26T02:45:000000Z,14.99,1
2019-03-26T03:00:000000Z,23.95,1
2019-03-26T03:15:000000Z,11.98,1
2019-03-26T03:30:000000Z,15.99,1
2019-03-26T03:45:000000Z,98.21,1
2019-03-26T04:00:000000Z,77.18,1
2019-03-26T04:15:000000Z,37.92,1
2019-03-26T04:30:000000Z,7.99,1
2019-03-26T04:45:000000Z,4.98,1
2019-03-26T05:00:000000Z,13.07,1
2019-03-26T05:15:000000Z,13.30,1
2019-03-26T05:30:000000Z,-14.99,1
2019-03-26T05:45:000000Z,4.99,1
2019-03-26T06:00:000000Z,8.18,1
2019-03-26T06:15:000000Z,3.00,1
2019-03-26T06:30:000000Z,13.00,1
2019-03-26T06:45:000000Z,13.00,1
2019-03-26T07:00:000000Z,30.97,1
2019-03-26T07:15:000000Z,-4.99,1
2019-03-26T07:30:000000Z,29.25,1
2019-03-26T07:45:000000Z,12.99,1
2019-03-26T08:00:000000Z,4.99,1
2019-03-26T08:15:000000Z,18.97,1
2019-03-26T08:30:000000Z,13.07,1
2019-03-26T08:45:000000Z,2.99,1
2019-03-26T09:00:000000Z,7.98,1
2019-03-26T09:15:000000Z,23.93,1
2019-03-26T09:30:000000Z,4.99,1
2019-03-26T09:45:000000Z,10.98,1
2019-03-26T10:00:000000Z,27.99,1
2019-03-26T10:15:000000Z,12.98,1
2019-03-26T10:30:000000Z,6.99,1
2019-03-26T10:45:000000Z,3.99,1
2019-03-26T11:00:000000Z,3.99,1
2019-03-26T11:15:000000Z,9.98,1
2019-03-26T11:30:000000Z,8.99,1
2019-03-26T11:45:000000Z,17.97,1
2019-03-26T12:00:000000Z,9.99,1
2019-03-26T12:15:000000Z,9.99,1
2019-03-26T12:30:000000Z,7.96,1
2019-03-26T12:45:000000Z,9.99,1
2019-03-26T13:00:000000Z,47.92,6
2019-03-26T13:15:000000Z,68.97,6
2019-03-26T13:30:000000Z,112.85,12
2019-03-26T13:45:000000Z,76.37,5
2019-03-26T14:00:000000Z,125.01,10
2019-03-26T14:15:000000Z,131.63,13
2019-03-26T14:30:000000Z,131.77,6
2019-03-26T14:45:000000Z,74.95,8
2019-03-26T15:00:000000Z,9.97,2
2019-03-26T15:15:000000Z,144.34,9
2019-03-26T15:30:000000Z,80.76,8
2019-03-26T15:45:000000Z,103.88,9
2019-03-26T16:00:000000Z,42.91,4
2019-03-26T16:15:000000Z,59.12,7
2019-03-26T16:30:000000Z,204.14,11
2019-03-26T16:45:000000Z,106.25,8
2019-03-26T17:00:000000Z,91.09,7
2019-03-26T17:15:000000Z,138.90,14
2019-03-26T17:30:000000Z,205.14,18
2019-03-26T17:45:000000Z,43.64,6
2019-03-26T18:00:000000Z,93.07,6
2019-03-26T18:15:000000Z,96.79,10
2019-03-26T18:30:000000Z,100.42,5
2019-03-26T18:45:000000Z,60.10,5
2019-03-26T19:00:000000Z,2.99,1
2019-03-26T19:15:000000Z,30.28,1
2019-03-26T19:30:000000Z,4.00,1
2019-03-26T19:45:000000Z,5.98,1
2019-03-26T20:00:000000Z,14.98,1
2019-03-26T20:15:000000Z,19.18,1
2019-03-26T20:30:000000Z,2.99,1
2019-03-26T20:45:000000Z,1.99,1
2019-03-26T21:00:000000Z,24.17,1
2019-03-26T21:15:000000Z,4.99,1
2019-03-26T21:30:000000Z,9.99,1
2019-03-26T21:45:000000Z,-9.99,1
2019-03-26T22:00:000000Z,9.99,1
2019-03-26T22:15:000000Z,9.99,1
2019-03-26T22:30:000000Z,14.97,1
2019-03-26T22:45:000000Z,10.98,1
2019-03-26T23:00:000000Z,8.98,1
2019-03-26T23:15:000000Z,9.99,1
2019-03-26T23:30:000000Z,9.99,1
2019-03-26T23:45:000000Z,15.17,1
2019-03-27T00:00:000000Z,8.98,1
2019-03-27T00:15:000000Z,10.98,1
2019-03-27T00:30:000000Z,28.97,1
2019-03-27T00:45:000000Z,21.96,1
2019-03-27T01:00:000000Z,-12.99,1
2019-03-27T01:15:000000Z,11.98,1
2019-03-27T01:30:000000Z,22.96,1
2019-03-27T01:45:000000Z,13.26,1
2019-03-27T02:00:000000Z,1.99,1
2019-03-27T02:15:000000Z,7.98,1
2019-03-27T02:30:000000Z,29.13,1
2019-03-27T02:45:000000Z,9.98,1
2019-03-27T03:00:000000Z,4.00,1
2019-03-27T03:15:000000Z,9.99,1
2019-03-27T03:30:000000Z,30.94,1
2019-03-27T03:45:000000Z,6.00,1
2019-03-27T04:00:000000Z,15.96,1
2019-03-27T04:15:000000Z,20.98,1
2019-03-27T04:30:000000Z,3.99,1
2019-03-27T04:45:000000Z,15.96,1
2019-03-27T05:00:000000Z,49.90,1
2019-03-27T05:15:000000Z,31.17,1
2019-03-27T05:30:000000Z,34.22,1
2019-03-27T05:45:000000Z,15.98,1
2019-03-27T06:00:000000Z,29.99,1
2019-03-27T06:15:000000Z,13.17,1
2019-03-27T06:30:000000Z,8.19,1
2019-03-27T06:45:000000Z,18.96,1
2019-03-27T07:00:000000Z,31.28,1
2019-03-27T07:15:000000Z,7.00,1
2019-03-27T07:30:000000Z,3.99,1
2019-03-27T07:45:000000Z,12.99,1
2019-03-27T08:00:000000Z,34.99,1
2019-03-27T08:15:000000Z,3.98,1
2019-03-27T08:30:000000Z,6.99,1
2019-03-27T08:45:000000Z,13.29,1
2019-03-27T09:00:000000Z,4.00,1
2019-03-27T09:15:000000Z,2.99,1
2019-03-27T09:30:000000Z,5.98,1
2019-03-27T09:45:000000Z,24.15,1
2019-03-27T10:00:000000Z,4.99,1
2019-03-27T10:15:000000Z,5.49,1
2019-03-27T10:30:000000Z,8.29,1
2019-03-27T10:45:000000Z,5.48,1
2019-03-27T11:00:000000Z,5.99,1
2019-03-27T11:15:000000Z,74.93,1
2019-03-27T11:30:000000Z,10.98,1
2019-03-27T11:45:000000Z,25.29,1
2019-03-27T12:00:000000Z,18.18,1
2019-03-27T12:15:000000Z,6.49,1
2019-03-27T12:30:000000Z,13.29,1
2019-03-27T12:45:000000Z,119.42,8
2019-03-27T13:00:000000Z,207.62,6
2019-03-27T13:15:000000Z,74.64,9
2019-03-27T13:30:000000Z,105.92,7
2019-03-27T13:45:000000Z,105.24,12
2019-03-27T14:00:000000Z,86.10,5
2019-03-27T14:15:000000Z,113.70,7
2019-03-27T14:30:000000Z,76.09,6
2019-03-27T14:45:000000Z,83.05,6
2019-03-27T15:00:000000Z,38.90,5
2019-03-27T15:15:000000Z,103.40,11
2019-03-27T15:30:000000Z,51.43,6
2019-03-27T15:45:000000Z,15.98,4
2019-03-27T16:00:000000Z,105.04,9
2019-03-27T16:15:000000Z,170.34,6
2019-03-27T16:30:000000Z,88.25,8
2019-03-27T16:45:000000Z,60.93,5
2019-03-27T17:00:000000Z,169.48,9
2019-03-27T17:15:000000Z,60.10,5
2019-03-27T17:30:000000Z,105.86,7
2019-03-27T17:45:000000Z,91.89,4
2019-03-27T18:00:000000Z,176.73,8
2019-03-27T18:15:000000Z,137.98,12
2019-03-27T18:30:000000Z,28.95,2
2019-03-27T18:45:000000Z,48.42,5
2019-03-27T19:00:000000Z,4.99,1
2019-03-27T19:15:000000Z,1.99,1
2019-03-27T19:30:000000Z,13.96,1
2019-03-27T19:45:000000Z,33.24,1
2019-03-27T20:00:000000Z,4.99,1
2019-03-27T20:15:000000Z,16.28,1
2019-03-27T20:30:000000Z,9.98,1
2019-03-27T20:45:000000Z,19.98,1
2019-03-27T21:00:000000Z,14.99,1
2019-03-27T21:15:000000Z,7.98,1
2019-03-27T21:30:000000Z,2.99,1
2019-03-27T21:45:000000Z,55.15,1
2019-03-27T22:00:000000Z,7.19,1
2019-03-27T22:15:000000Z,2.99,1
2019-03-27T22:30:000000Z,6.99,1
2019-03-27T22:45:000000Z,4.99,1
2019-03-27T23:00:000000Z,7.98,1
2019-03-27T23:15:000000Z,14.99,1
2019-03-27T23:30:000000Z,6.99,1
2019-03-27T23:45:000000Z,14.97,1
2019-03-28T00:00:000000Z,1.99,1
2019-03-28T00:15:000000Z,11.98,1
2019-03-28T00:30:000000Z,9.99,1
2019-03-28T00:45:000000Z,1.99,1
2019-03-28T01:00:000000Z,3.99,1
2019-03-28T01:15:000000Z,3.99,1
2019-03-28T01:30:000000Z,9.99,1
2019-03-28T01:45:000000Z,1.00,1
2019-03-28T02:00:000000Z,3.99,1
2019-03-28T02:15:000000Z,27.94,1
2019-03-28T02:30:000000Z,7.98,1
2019-03-28T02:45:000000Z,16.98,1
2019-03-28T03:00:000000Z,3.99,1
2019-03-28T03:15:000000Z,28.96,1
2019-03-28T03:30:000000Z,14.18,1
2019-03-28T03:45:000000Z,14.97,1
2019-03-28T04:00:000000Z,17.97,1
2019-03-28T04:15:000000Z,26.27,1
2019-03-28T04:30:000000Z,3.99,1
2019-03-28T04:45:000000Z,14.99,1
2019-03-28T05:00:000000Z,3.99,1
2019-03-28T05:15:000000Z,5.99,1
2019-03-28T05:30:000000Z,4.99,1
2019-03-28T05:45:000000Z,15.18,1
2019-03-28T06:00:000000Z,10.19,1
2019-03-28T06:15:000000Z,72.92,1
2019-03-28T06:30:000000Z,3.99,1
2019-03-28T06:45:000000Z,15.19,1
2019-03-28T07:00:000000Z,7.98,1
2019-03-28T07:15:000000Z,5.49,1
2019-03-28T07:30:000000Z,35.94,1
2019-03-28T07:45:000000Z,21.17,1
2019-03-28T08:00:000000Z,7.99,1
2019-03-28T08:15:000000Z,8.97,1
2019-03-28T08:30:000000Z,7.19,1
2019-03-28T08:45:000000Z,2.99,1
2019-03-28T09:00:000000Z,-2.99,1
2019-03-28T09:15:000000Z,3.00,1
2019-03-28T09:30:000000Z,6.99,1
2019-03-28T09:45:000000Z,8.08,1
2019-03-28T10:00:000000Z,1.00,1
2019-03-28T10:15:000000Z,-34.99,1
2019-03-28T10:30:000000Z,4.99,1
2019-03-28T10:45:000000Z,7.99,1
2019-03-28T11:00:000000Z,53.93,1
2019-03-28T11:15:000000Z,40.26,1
2019-03-28T11:30:000000Z,3.99,1
2019-03-28T11:45:000000Z,3.99,1
2019-03-28T12:00:000000Z,19.98,1
2019-03-28T12:15:000000Z,3.99,1
2019-03-28T12:30:000000Z,4.99,1
2019-03-28T12:45:000000Z,39.26,1
2019-03-28T13:00:000000Z,9.99,1
2019-03-28T13:15:000000Z,207.23,6
2019-03-28T13:30:000000Z,245.92,9
2019-03-28T13:45:000000Z,87.53,7
2019-03-28T14:00:000000Z,52.87,6
2019-03-28T14:15:000000Z,124.39,11
2019-03-28T14:30:000000Z,152.71,10
2019-03-28T14:45:000000Z,43.91,7
2019-03-28T15:00:000000Z,102.83,7
2019-03-28T15:15:000000Z,212.13,15
2019-03-28T15:30:000000Z,159.93,10
2019-03-28T15:45:000000Z,96.38,8
2019-03-28T16:00:000000Z,153.78,12
2019-03-28T16:15:000000Z,61.10,8
2019-03-28T16:30:000000Z,135.33,7
2019-03-28T16:45:000000Z,177.33,9
2019-03-28T17:00:000000Z,95.22,8
2019-03-28T17:15:000000Z,260.71,14
2019-03-28T17:30:000000Z,142.44,15
2019-03-28T17:45:000000Z,312.28,17
2019-03-28T18:00:000000Z,180.89,14
2019-03-28T18:15:000000Z,237.37,14
2019-03-28T18:30:000000Z,193.91,14
2019-03-28T18:45:000000Z,173.17,10
2019-03-28T19:00:000000Z,131.28,10
2019-03-28T19:15:000000Z,249.59,15
2019-03-28T19:30:000000Z,341.34,17
2019-03-28T19:45:000000Z,270.08,14
2019-03-28T20:00:000000Z,284.64,15
2019-03-28T20:15:000000Z,192.52,11
2019-03-28T20:30:000000Z,213.98,16
2019-03-28T20:45:000000Z,269.93,14
2019-03-28T21:00:000000Z,45.11,2
2019-03-28T21:15:000000Z,8.99,1
2019-03-28T21:30:000000Z,23.15,1
2019-03-28T21:45:000000Z,4.99,1
2019-03-28T22:00:000000Z,29.98,1
2019-03-28T22:15:000000Z,1.99,1
2019-03-28T22:30:000000Z,8.97,1
2019-03-28T22:45:000000Z,80.93,1
2019-03-28T23:00:000000Z,9.49,1
2019-03-28T23:15:000000Z,7.99,1
2019-03-28T23:30:000000Z,4.99,1
2019-03-28T23:45:000000Z,9.49,1
2019-03-29T00:00:000000Z,8.98,1
2019-03-29T00:15:000000Z,3.99,1
2019-03-29T00:30:000000Z,22.95,1
2019-03-29T00:45:000000Z,4.99,1
2019-03-29T01:00:000000Z,3.99,1
2019-03-29T01:15:000000Z,16.98,1
2019-03-29T01:30:000000Z,1.99,1
2019-03-29T01:45:000000Z,19.96,1
2019-03-29T02:00:000000Z,16.97,1
2019-03-29T02:15:000000Z,2.99,1
2019-03-29T02:30:000000Z,12.99,1
2019-03-29T02:45:000000Z,21.98,1
2019-03-29T03:00:000000Z,13.97,1
2019-03-29T03:15:000000Z,6.99,1
2019-03-29T03:30:000000Z,38.94,1
2019-03-29T03:45:000000Z,4.99,1
2019-03-29T04:00:000000Z,3.99,1
2019-03-29T04:15:000000Z,28.25,1
2019-03-29T04:30:000000Z,14.18,1
2019-03-29T04:45:000000Z,9.99,1
2019-03-29T05:00:000000Z,8.08,1
2019-03-29T05:15:000000Z,12.99,1
2019-03-29T05:30:000000Z,6.99,1
2019-03-29T05:45:000000Z,43.72,1
2019-03-29T06:00:000000Z,14.97,1
2019-03-29T06:15:000000Z,4.99,1
2019-03-29T06:30:000000Z,4.99,1
2019-03-29T06:45:000000Z,50.20,1
2019-03-29T07:00:000000Z,6.98,1
2019-03-29T07:15:000000Z,1.99,1
2019-03-29T07:30:000000Z,29.27,1
2019-03-29T07:45:000000Z,12.97,1
2019-03-29T08:00:000000Z,15.97,1
2019-03-29T08:15:000000Z,16.97,1
2019-03-29T08:30:000000Z,3.99,1
2019-03-29T08:45:000000Z,6.98,1
2019-03-29T09:00:000000Z,32.96,1
2019-03-29T09:15:000000Z,15.97,1
2019-03-29T09:30:000000Z,8.98,1
2019-03-29T09:45:000000Z,47.27,1
2019-03-29T10:00:000000Z,34.14,1
2019-03-29T10:15:000000Z,4.98,1
2019-03-29T10:30:000000Z,14.99,1
2019-03-29T10:45:000000Z,14.99,1
2019-03-29T11:00:000000Z,1.99,1
2019-03-29T11:15:000000Z,29.97,1
2019-03-29T11:30:000000Z,24.98,1
2019-03-29T11:45:000000Z,12.99,1
2019-03-29T12:00:000000Z,3.99,1
2019-03-29T12:15:000000Z,3.99,1
2019-03-29T12:30:000000Z,25.18,1
2019-03-29T12:45:000000Z,67.93,4
2019-03-29T13:00:000000Z,239.40,12
2019-03-29T13:15:000000Z,220.70,15
2019-03-29T13:30:000000Z,54.90,7
2019-03-29T13:45:000000Z,137.25,9
2019-03-29T14:00:000000Z,95.32,5
2019-03-29T14:15:000000Z,124.14,10
2019-03-29T14:30:000000Z,85.26,6
2019-03-29T14:45:000000Z,90.38,9
2019-03-29T15:00:000000Z,113.13,13
2019-03-29T15:15:000000Z,95.58,9
2019-03-29T15:30:000000Z,88.09,8
2019-03-29T15:45:000000Z,166.65,11
2019-03-29T16:00:000000Z,144.49,11
2019-03-29T16:15:000000Z,156.41,9
2019-03-29T16:30:000000Z,145.14,10
2019-03-29T16:45:000000Z,162.03,10
2019-03-29T17:00:000000Z,208.70,6
2019-03-29T17:15:000000Z,67.94,8
2019-03-29T17:30:000000Z,12.18,2
2019-03-29T17:45:000000Z,213.25,12
2019-03-29T18:00:000000Z,133.99,11
2019-03-29T18:15:000000Z,125.99,12
2019-03-29T18:30:000000Z,114.31,7
2019-03-29T18:45:000000Z,22.97,2
2019-03-29T19:00:000000Z,15.97,3
2019-03-29T19:15:000000Z,32.94,3
2019-03-29T19:30:000000Z,55.25,4
2019-03-29T19:45:000000Z,97.24,7
2019-03-29T20:00:000000Z,38.95,3
2019-03-29T20:15:000000Z,122.84,7
2019-03-29T20:30:000000Z,73.38,5
2019-03-29T20:45:000000Z,20.47,3
2019-03-29T21:00:000000Z,10.97,1
2019-03-29T21:15:000000Z,9.19,1
2019-03-29T21:30:000000Z,7.98,1
2019-03-29T21:45:000000Z,6.19,1
2019-03-29T22:00:000000Z,20.15,1
2019-03-29T22:15:000000Z,19.98,1
2019-03-29T22:30:000000Z,59.89,1
2019-03-29T22:45:000000Z,1.99,1
2019-03-29T23:00:000000Z,7.19,1
2019-03-29T23:15:000000Z,5.97,1
2019-03-29T23:30:000000Z,12.98,1
2019-03-29T23:45:000000Z,22.95,1
2019-03-30T00:00:000000Z,9.99,1
2019-03-30T00:15:000000Z,16.17,1
2019-03-30T00:30:000000Z,3.99,1
2019-03-30T00:45:000000Z,6.98,1
2019-03-30T01:00:000000Z,1.99,1
2019-03-30T01:15:000000Z,37.99,1
2019-03-30T01:30:000000Z,15.98,1
2019-03-30T01:45:000000Z,14.99,1
2019-03-30T02:00:000000Z,16.98,1
2019-03-30T02:15:000000Z,23.28,1
2019-03-30T02:30:000000Z,3.99,1
2019-03-30T02:45:000000Z,5.99,1
2019-03-30T03:00:000000Z,2.99,1
2019-03-30T03:15:000000Z,43.92,1
2019-03-30T03:30:000000Z,9.98,1
2019-03-30T03:45:000000Z,12.99,1
2019-03-30T04:00:000000Z,13.98,1
2019-03-30T04:15:000000Z,22.14,1
2019-03-30T04:30:000000Z,4.99,1
2019-03-30T04:45:000000Z,11.17,1
2019-03-30T05:00:000000Z,11.97,1
2019-03-30T05:15:000000Z,10.00,1
2019-03-30T05:30:000000Z,12.99,1
2019-03-30T05:45:000000Z,4.99,1
2019-03-30T06:00:000000Z,8.98,1
2019-03-30T06:15:000000Z,3.99,1
2019-03-30T06:30:000000Z,2.99,1
2019-03-30T06:45:000000Z,12.18,1
2019-03-30T07:00:000000Z,3.00,1
2019-03-30T07:15:000000Z,4.99,1
2019-03-30T07:30:000000Z,37.99,1
2019-03-30T07:45:000000Z,1.00,1
2019-03-30T08:00:000000Z,1.00,1
2019-03-30T08:15:000000Z,4.99,1
2019-03-30T08:30:000000Z,4.99,1
2019-03-30T08:45:000000Z,9.98,1
2019-03-30T09:00:000000Z,49.96,1
2019-03-30T09:15:000000Z,7.99,1
2019-03-30T09:30:000000Z,15.29,1
2019-03-30T09:45:000000Z,14.16,1
2019-03-30T10:00:000000Z,5.97,1
2019-03-30T10:15:000000Z,103.74,1
2019-03-30T10:30:000000Z,19.98,1
2019-03-30T10:45:000000Z,4.99,1
2019-03-30T11:00:000000Z,49.15,1
2019-03-30T11:15:000000Z,8.18,1
2019-03-30T11:30:000000Z,16.98,1
2019-03-30T11:45:000000Z,156.29,10
2019-03-30T12:00:000000Z,169.84,10
2019-03-30T12:15:000000Z,205.14,11
2019-03-30T12:30:000000Z,239.54,16
2019-03-30T12:45:000000Z,190.97,19
2019-03-30T13:00:000000Z,280.88,20
2019-03-30T13:15:000000Z,285.33,19
2019-03-30T13:30:000000Z,232.69,16
2019-03-30T13:45:000000Z,135.66,17
2019-03-30T14:00:000000Z,185.26,15
2019-03-30T14:15:000000Z,368.55,20
2019-03-30T14:30:000000Z,201.10,15
2019-03-30T14:45:000000Z,255.15,13
2019-03-30T15:00:000000Z,172.12,15
2019-03-30T15:15:000000Z,241.85,23
2019-03-30T15:30:000000Z,191.08,17
2019-03-30T15:45:000000Z,298.74,15
2019-03-30T16:00:000000Z,343.12,18
2019-03-30T16:15:000000Z,323.17,16
2019-03-30T16:30:000000Z,223.54,18
2019-03-30T16:45:000000Z,195.87,15
2019-03-30T17:00:000000Z,282.27,19
2019-03-30T17:15:000000Z,138.27,14
2019-03-30T17:30:000000Z,46.44,5
2019-03-30T17:45:000000Z,197.95,11
2019-03-30T18:00:000000Z,114.22,11
2019-03-30T18:15:000000Z,155.21,10
2019-03-30T18:30:000000Z,100.01,8
2019-03-30T18:45:000000Z,97.41,5
2019-03-30T19:00:000000Z,115.07,12
2019-03-30T19:15:000000Z,118.28,6
2019-03-30T19:30:000000Z,65.14,5
2019-03-30T19:45:000000Z,19.99,2
2019-03-30T20:00:000000Z,74.77,5
2019-03-30T20:15:000000Z,47.11,5
2019-03-30T20:30:000000Z,29.46,5
2019-03-30T20:45:000000Z,56.88,4
2019-03-30T21:00:000000Z,2.99,1
2019-03-30T21:15:000000Z,18.97,1
2019-03-30T21:30:000000Z,3.99,1
2019-03-30T21:45:000000Z,4.99,1
2019-03-30T22:00:000000Z,3.99,1
2019-03-30T22:15:000000Z,76.18,1
2019-03-30T22:30:000000Z,14.99,1
2019-03-30T22:45:000000Z,8.99,1
2019-03-30T23:00:000000Z,12.99,1
2019-03-30T23:15:000000Z,53.10,1
2019-03-30T23:30:000000Z,4.99,1
2019-03-30T23:45:000000Z,7.69,1
2019-03-31T00:00:000000Z,23.45,1
2019-03-31T00:15:000000Z,9.99,1
2019-03-31T00:30:000000Z,34.99,1
2019-03-31T00:45:000000Z,14.97,1
2019-03-31T01:00:000000Z,2.99,1
2019-03-31T01:15:000000Z,15.18,1
2019-03-31T01:30:000000Z,18.98,1
2019-03-31T01:45:000000Z,4.99,1
2019-03-31T02:00:000000Z,9.96,1
2019-03-31T02:15:000000Z,0.20,1
2019-03-31T02:30:000000Z,11.08,1
2019-03-31T02:45:000000Z,2.99,1
2019-03-31T03:00:000000Z,4.99,1
2019-03-31T03:15:000000Z,2.99,1
2019-03-31T03:30:000000Z,9.98,1
2019-03-31T03:45:000000Z,41.96,1
2019-03-31T04:00:000000Z,-9.99,1
2019-03-31T04:15:000000Z,9.99,1
2019-03-31T04:30:000000Z,56.85,1
2019-03-31T04:45:000000Z,1.00,1
2019-03-31T05:00:000000Z,9.99,1
2019-03-31T05:15:000000Z,40.93,1
2019-03-31T05:30:000000Z,6.99,1
2019-03-31T05:45:000000Z,47.15,1
2019-03-31T06:00:000000Z,2.99,1
2019-03-31T06:15:000000Z,18.98,1
2019-03-31T06:30:000000Z,4.99,1
2019-03-31T06:45:000000Z,18.05,1
2019-03-31T07:00:000000Z,49.93,1
2019-03-31T07:15:000000Z,6.99,1
2019-03-31T07:30:000000Z,26.97,1
2019-03-31T07:45:000000Z,7.99,1
2019-03-31T08:00:000000Z,4.99,1
2019-03-31T08:15:000000Z,9.99,1
2019-03-31T08:30:000000Z,9.98,1
2019-03-31T08:45:000000Z,0.20,1
2019-03-31T09:00:000000Z,38.95,1
2019-03-31T09:15:000000Z,16.97,1
2019-03-31T09:30:000000Z,8.58,1
2019-03-31T09:45:000000Z,2.99,1
2019-03-31T10:00:000000Z,1.99,1
2019-03-31T10:15:000000Z,13.17,1
2019-03-31T10:30:000000Z,6.99,1
2019-03-31T10:45:000000Z,14.99,1
2019-03-31T11:00:000000Z,3.99,1
2019-03-31T11:15:000000Z,14.99,1
2019-03-31T11:30:000000Z,17.17,1
2019-03-31T11:45:000000Z,21.17,1
2019-03-31T12:00:000000Z,48.18,1
2019-03-31T12:15:000000Z,130.32,12
2019-03-31T12:30:000000Z,154.25,13
2019-03-31T12:45:000000Z,166.49,13
2019-03-31T13:00:000000Z,314.44,12
2019-03-31T13:15:000000Z,143.68,13
2019-03-31T13:30:000000Z,325.07,23
2019-03-31T13:45:000000Z,379.82,22
2019-03-31T14:00:000000Z,220.47,10
2019-03-31T14:15:000000Z,192.34,17
2019-03-31T14:30:000000Z,283.08,15
2019-03-31T14:45:000000Z,199.60,14
2019-03-31T15:00:000000Z,236.36,12
2019-03-31T15:15:000000Z,197.86,16
2019-03-31T15:30:000000Z,204.81,20
2019-03-31T15:45:000000Z,213.58,11
2019-03-31T16:00:000000Z,222.91,11
2019-03-31T16:15:000000Z,221.21,10
2019-03-31T16:30:000000Z,70.16,6
2019-03-31T16:45:000000Z,251.75,18
2019-03-31T17:00:000000Z,163.03,8
2019-03-31T17:15:000000Z,103.21,11
2019-03-31T17:30:000000Z,305.59,10
2019-03-31T17:45:000000Z,118.25,10
2019-03-31T18:00:000000Z,67.79,8
2019-03-31T18:15:000000Z,131.77,8
2019-03-31T18:30:000000Z,52.99,7
2019-03-31T18:45:000000Z,79.12,5
2019-03-31T19:00:000000Z,39.16,2
